:020000040800F2
:10000000102B00208102000839440008C73700087F
:1000100035440008A1160008D54C00080000000077
:10002000000000000000000000000000E9010008DE
:10003000F1160008000000002D0200081547000816
:100040009B0200089B0200089B0200089B0200081C
:100050009B0200089B0200089B0200089B0200080C
:100060009B0200089B0200089B0200089B020008FC
:100070009B0200089B0200089B0200089B020008EC
:10008000A5160008B51600089B0200089B02000890
:100090009B0200089B0200089B0200089B020008CC
:1000A0009B020008D14700089B0200089B02000841
:1000B0009B0200089B0200089B0200089B020008AC
:1000C0009B0200089B0200089B0200089B0200089C
:1000D0009B0200089B020008714C00089B0200086C
:1000E0009B0200089B0200089B02000800F002F837
:1000F00000F06AF80AA090E8000C82448344AAF158
:100100000107DA4501D100F05FF8AFF2090EBAE855
:100110000F0013F0010F18BFFB1A43F0010318473B
:1001200018910000389100000A444FF0000C10F8BC
:10013000013B13F0070408BF10F8014B1D1108BF65
:1001400010F8015B641E05D010F8016B641E01F805
:10015000016BF9D113F0080F1EBF10F8014BAD1C55
:100160000C1B09D16D1E58BF01F801CBFAD505E073
:1001700014F8016B01F8016B6D1EF9D59142D6D3CD
:10018000704700000023002400250026103A28BFF5
:1001900078C1FBD8520728BF30C148BF0B607047F9
:1001A000662907F0A283642900F0C680002070470A
:1001B0001FB500F001FD04000020002106F048FEFC
:1001C000E0601FBD10B510BD00F0F6FD1146FFF751
:1001D000EFFF05F075FB00F014FE03B4FFF7F2FF2C
:1001E00003BC00F017FE0000224B19680868B0E855
:1001F000F00F80F30988BFF36F8F4FF0000080F39A
:1002000011884EF00D0E704700000000064800688F
:10021000006880F3088862B661B6BFF34F8FBFF302
:100220006F8F00DF00BF00BF08ED00E0EFF3098033
:10023000BFF36F8F0F4B1A6820E9F00F106008B5FD
:100240004FF0500080F31188BFF34F8FBFF36F8FD3
:1002500006F07EFB4FF0000080F31188BDE80840F7
:1002600019680868B0E8F00F80F30988BFF36F8F52
:10027000704700BFE8120020EFF3058070470000D0
:100280000948804709480047FEE7FEE7FEE7FEE72A
:10029000FEE7FEE7FEE7FEE7FEE7FEE70448054966
:1002A000054A064B70470000CD470008ED000008E6
:1002B00010250020102B00201027002010270020E0
:1002C0000FB41CB5074B06AA7B44694600900598FD
:1002D00000F059FC0020694600F068FC1CBC5DF889
:1002E00014FB0000E108000070B504468569006851
:1002F000C10601D5302600E02026C00707D070BD1A
:10030000D4E9012130469047206A401C20626D1ECE
:10031000F6D570BD70B5044685690078C00707D171
:1003200070BDD4E9012120209047206A401C206242
:100330006D1EF6D570BD00002DE9F0410646002483
:1003400010687529314616A510D0AFF3008000283B
:1003500002DA404213A507E031688A0701D512A5E9
:1003600002E0490704D511A5012401E0AFF30080A4
:1003700000210A2206F1240709E0B0FBF2FCB0FBE1
:10038000F2F302FB1C00303078541846491C002858
:10039000F3D123462A463046BDE8F04100F085B946
:1003A000000000002D0000002B00000020000000D5
:1003B0002DE9F05F894604464FF0000ADFF824B1CA
:1003C000FB44C0F820A02046E168884700287DD083
:1003D000252806D0D4E901219047206A401C2062DC
:1003E000F1E700255F462046E16888472028064659
:1003F00007DB312E05D2B81910F8200C08B10543DF
:10040000F1E7A80701D525F00405C4F81CA00027D2
:10041000C4F818A02A2E09D0304604F08DFC38B359
:1004200004EB8708303EC8F8186019E059F8041B3F
:10043000204604EB87029161E1688847012F064658
:1004400018D1E069002820DA25F020051DE0D8F851
:10045000180000EB800006EB40003038C8F81800A8
:100460002046E1688847064604F066FC0028EED185
:10047000012F0AD02E2E08D12046E16888477F1C24
:100480000646022F45F02005C4DBA069002803DAE8
:10049000404245F00105A061E80701D025F01005B4
:1004A000A6B1A6F14100192802D8203645F400650E
:1004B0004A463146204625604D46FFF771FE60B141
:1004C000012807D0ED1D25F0070000E007E000F14E
:1004D000080978E705F1040975E730467AE7206AEC
:1004E000BDE8F09F5C8D0000032A40F2308010F0E0
:1004F000030C00F0158011F8013BBCF1020F6244BF
:1005000098BF11F801CB00F8013B38BF11F8013B4F
:10051000A2F1040298BF00F801CB38BF00F8013BFC
:1005200011F0030300F02580083AC0F0088051F86C
:10053000043B083A51F804CBA0E80810F5E7121D77
:100540005CBF51F8043B40F8043BAFF30080D20796
:1005500024BF11F8013B11F801CB48BF11F8012B62
:1005600024BF00F8013B00F801CB48BF00F8012B85
:10057000704710B5203AC0F00B80B1E81850203A0F
:10058000A0E81850B1E81850A0E81850BFF4F5AF33
:100590005FEA027C24BFB1E81850A0E8185044BFBD
:1005A00018C918C0BDE810405FEA827C24BF51F82A
:1005B000043B40F8043B08BF7047D20728BF31F81E
:1005C000023B48BF11F8012B28BF20F8023B48BF6F
:1005D00000F8012B70474FF0000200B51346944617
:1005E0009646203922BFA0E80C50A0E80C50B1F18B
:1005F0002001BFF4F7AF090728BFA0E80C5048BF9F
:100600000CC05DF804EB890028BF40F8042B08BF3C
:10061000704748BF20F8022B11F0804F18BF00F838
:10062000012B70474FF0013C50F8042B51F8043B6C
:100630009A4221D1A2EB0C03934313EACC1317D1B6
:1006400050F8042B51F8043B9A4215D1A2EB0C034D
:10065000934313EACC130BD150F8042B51F8043B0D
:100660009A4209D1A2EB0C03934313EACC13DBD0DB
:100670004FF00000704700BFD01A01BAB1FA81F103
:1006800001F0180122FA01F0CB40C1F12001DBB2E8
:10069000C0B2C01A2CFA01F3D11A914311EAC31166
:1006A000E6D170477047704770472DE9F0470D4617
:1006B00099469246044600F124080168880604D54C
:1006C000E06921F01001216000E00120A84201DD75
:1006D000471B00E00027A1697A1902EB0900081AFC
:1006E000A0612078C00602D42046FFF7FDFD002659
:1006F00008E0D4E901211AF806009047206A401C5E
:10070000761C20624E45F4DB2078C0060AD52046D0
:10071000FFF7EAFD06E0D4E9012130209047206A86
:10072000401C2062381EA7F10107F4DC07E0D4E981
:10073000012118F805009047206A401C2062281EFD
:10074000A5F10105F3DC2046FFF7E4FD2078000663
:1007500002D50220BDE8F0870120FBE770472DE9B4
:10076000FF4F0C461E464FF0FF378BB0D2E9000119
:10077000DDF860800A908A46C1F30A5505B93D4606
:10078000002108464FF00000BAF1000F00F44000CD
:1007900005DA00EB80004FF4400101EA50004FEA17
:1007A0009059B9F1010F00DDB9460A9850EA4A00A4
:1007B0000ED044F61050A5F2FF3545432F14B8F182
:1007C000000F1ED07542291E1EDDC9F100021CE07B
:1007D000B8F1010F4FF0000001D0302103E0F243E7
:1007E00005E02154401CB042FBDB304600220021D2
:1007F00021540B99C1F80880C1E900200FB0BDE871
:10080000F08FBD1B6D1CDEE74A4600DA694206A880
:1008100000F05CFA06AB93E8070003AB83E807003F
:1008200050460A9900F0FDFA8DE80700A0F5005047
:100830001F3800900398002D0ADD42F21F014A463E
:100840000844002303A90390684600F066FD09E010
:10085000A0F500504A461F38002303A903906846BC
:1008600000F070FD8DE807000004000C03D04FF08D
:10087000FF30410800E01046B8F1000F03D000221D
:10088000009215461EE0751E05D400F099F930322D
:1008900062556D1EF9D5B3460122084302D00022ED
:1008A0007F1C04E02078302801D100227F1E002A1E
:1008B000099784D01DE0112D07DA00F081F930325C
:1008C00062556D1C50EA0102F5D1084302D0009830
:1008D000C8B10EE00021681E05E0235C625C635431
:1008E0002254401E491C8142F7DBAB46A81B401E28
:1008F0000990002004F80B000B98099AC0F80880B2
:10090000C0E9002B7AE711264FF0000857E72DE9E0
:10091000F04F88460446D21D22F0070191B0D1E97C
:100920000001CDE90A0104F0D7F902460B98C00F87
:1009300001D02D2007E02068810701D52B2002E09F
:10094000202101EAC000032A099001D0072A05DB13
:1009500003464146204600F079F90BE120788006F5
:1009600001D5E06900E00620B8F1650F814606D0A8
:10097000B8F1660F18D0B8F1670F70D131E00020E0
:10098000B9F1110F009001DB112301E009F101031E
:100990000AAA01A90CA8FFF7E2FEDDE90C70002607
:1009A00009F10105834647E001204B4600904FF0D6
:1009B00000470AAA01A90CA8FFF7D1FEDDE90DB096
:1009C0000C995D46002610B909F101000D18B9EB2C
:1009D000050003D4C0F1FF3609F10105A5EB0900BC
:1009E0002BE0B9F1010F01DA4FF001090020B9F154
:1009F000110F0090484601DD112300E003460AAACA
:100A000001A90CA8FFF7ABFEDDE90C704D460026EE
:100A10008346207800070AD4AB4500DA5D4601A87A
:100A2000012D04DD411911F8011C302907D04F4573
:100A300002DA17F1040F04DA012082460FE06D1E7E
:100A4000EEE7002F02DCED1B3E4403E0781CA842D9
:100A500000DD7D1CB81B00F1010A4FF00047207833
:100A6000000703D4AA4501DB4FF0FF3A0021B7F19C
:100A7000004F0DF143088DF8431024D002202B23A2
:100A8000002F01DA7F422D230A21021EA0F101006E
:100A900000DC5FB197FBF1FC97FBF1F201FB1C7CE2
:100AA00017460CF1300C08F801CDEEE7A8F1010073
:100AB00003702188090501D5452100E06521A0F1D9
:100AC000010800F8011C09980FA9A1EB0807FF1DF8
:100AD00000B10120411901EBEA70A1693844081AFC
:100AE000401EA0612078C00602D42046FFF7FCFB20
:100AF000099828B1D4E901219047206A401C20625E
:100B00002078C00622D52046FFF7EEFB1EE0002E1F
:100B100004DBB34502DD01A8805D00E03020D4E9AC
:100B200001219047206A401C2062761CAAF1010036
:100B30005FEA000A0AD100F03FF8C0680168405C33
:100B4000D4E901219047206A401C2062281EA5F1AB
:100B50000105DCDC07E0D4E9012118F8010B90471E
:100B6000206A401C2062381EA7F10107F3DC2046F2
:100B7000FFF7D0FB032011B041E6000001694A1CD9
:100B800002610878704700B58FB0CDE901310021CE
:100B9000059105497944CDE9031011466846FFF7F0
:100BA00007FC0FB000BD0000E5FFFFFF0A6802F878
:100BB000010B0A607047000000487047D0240020F5
:100BC00030B5B0F10A024FEA900E71F100034EEA1F
:100BD000817EB0EB0E0061EB91014FEA101E4EEAF0
:100BE000017E10EB0E0041EB11114FEA102E4EEA80
:100BF000016E10EB0E0041EB11214FEA104E4EEA50
:100C0000014E10EB0E0041EB1141401841F1000183
:100C10004FEAD00040EA41704FEAD10110EB800565
:100C20004FEA810444EA907444EB01046D1944EBEB
:100C30000404521BA3414FF0000348BF0A3200D501
:100C400030BD401C41F1000130BD00002DE9F041F4
:100C50001F46044603260168072A01F4006004DBEE
:100C600008B116A505E016A503E008B115A500E03A
:100C700015A521F010002060A069C01EA0610FB171
:100C8000401EA0612046FFF72FFB4FB1D4E90121A0
:100C900038469047206A401C2062C01C206206E053
:100CA000206AFAE7D4E9012115F8010B9047761E76
:100CB000F8D22046FFF72EFBBDE8F0814E414E00F2
:100CC0006E616E00494E4600696E66002DE9F04780
:100CD000814616468AB0354878440DC88DE80D0027
:100CE00032487844801C03AC0DC884E80D0041F6FE
:100CF0009B300844372190FBF1F290FBF1F5A5F110
:100D0000800501FB12041B3C02D56442012000E077
:100D10000020DFF898A080460027FA44AAF1BE0A16
:100D20000EE0E0070AD03246684607EB4701012390
:100D30000AEB810100F006FB8DE8070064107F1CC0
:100D4000002CEED1194F7F44AE3F19E0E80715D0D3
:100D500007EB04100DF1180A90E80E008AE80E0067
:100D6000C068F04201D1981908903246012306A9C3
:100D700003A800F0E7FA03AB83E807006D10641CDA
:100D8000002DE3D14FF0010332466946B8F1000F60
:100D900003A802D000F0C1FA01E000F0D3FAC9E9DB
:100DA0000001C9F808200AB0BDE8F087D48400002B
:100DB00000487047B02400207546FFF7F9FFAE46A3
:100DC00005006946534620F00700854618B020B557
:100DD000FFF764FABDE820404FF000064FF000072F
:100DE0004FF000084FF0000B21F00701AC46ACE8D3
:100DF000C009ACE8C009ACE8C009ACE8C0098D4640
:100E0000704710B50446AFF300802046BDE810409F
:100E1000FFF7E3B901491820ABBEFEE72600020048
:100E200070475FEA400C08BF91F0000F4FEA8C2337
:100E30004FEAC12243EA51514FEA1C5018BF00F556
:100E4000F0404FEA300018BF41F000415FEA6C5CAF
:100E500000F02980BCF1FF3F08BF40F080407047A0
:100E6000130C06BF12044FF0100C4FF0000C130EC1
:100E700004BF12020CF1080C130F04BF12010CF195
:100E8000040C930F04BF92000CF1020CD30F04BFAB
:100E900052000CF1010C11464FF00002A0F11F00AE
:100EA000A0EB0C00704711F0004F08BF704731F005
:100EB00000413FF4D5AF0B0C06BF09044FF0100CF6
:100EC0004FF0000C0B0E04BF09020CF1080C0B0FC5
:100ED00004BF09010CF1040C8B0F04BF89000CF155
:100EE000020CCB0F04BF49000CF1010CCCF1200324
:100EF000A0EB0C0022FA03F302FA0CF241EA030120
:100F000000F10100704720F07F4C80EA030023F0DD
:100F10007F47ACEB070303F57C5300F0004003F17F
:100F2000FF032DE980494FEA154B09B44FEA1443FA
:100F300025EA0B4E24EA03480FF2042606EB13279A
:100F400049083E785FEA320203FB0667C7F50007EF
:100F500007FB06F64FEA54374FEAD64606F102067B
:100F600007FB066CCCF1005C4FEA1C472CEA074CEF
:100F700007FB06F40CFB06F504EB15464FEA961644
:100F800034BF00204FF000404FEAD13706FB07FC8A
:100F90004FEA1C4C0CFB0BF7D21B03FB0CF761EB6D
:100FA00007010CFB0EF7B0EB074072EB17420CFB8E
:100FB00008F734BFA2EB0742B2EB074261EB1741DF
:100FC0004FEA0C444FEA910706FB07FC4FEA1C4C22
:100FD0000CFB0BF7B0EBC74072EB573203FB0CF77F
:100FE00034BFA2EBC742B2EBC74261EB57310CFBF7
:100FF0000EF7B0EBC70072EB57720CFB08F734BF6B
:10100000A2EBC702B2EBC70261EB5771039F4FEA35
:10101000816141EA921104EBCC044FEAD1374FEAE7
:10102000826206FB07FC42EA90124FEA80604FEAB8
:101030001C4C0CFB0BF7D21B03FB0CF761EB0701FD
:101040000CFB0EF7B0EB074072EB17420CFB08F7F6
:1010500034BFA2EB0742B2EB074261EB17414FEA04
:101060008C554FEA910704EB9C2406FB07FC4FEAE2
:101070001C4C0CFB0BF7B0EBC74072EB573203FB79
:101080000CF734BFA2EBC742B2EBC74261EB57315A
:101090000CFB0EF7B0EBC70072EB57720CFB08F7B6
:1010A00034BFA2EBC702B2EBC70261EB577115EB7D
:1010B0004C254FEA816141EA92114FEA82624FEA80
:1010C000D13742EA901206FB07FC44F100044FEAD4
:1010D00080604FEA1C4C0CFB0BF7D21B03FB0CF798
:1010E00061EB07010CFB0EF7B0EB074072EB174208
:1010F0000CFB08F734BFA2EB0742B2EB074261EBEF
:10110000174115EB1C154FEA813141EA92414FEA34
:10111000823242EA90424FEA80304FEA0C7644F144
:10112000000448EA03434EEA0B484FF0000EB2EBCE
:10113000080C71EB030724BF624639464EEB0E0ED6
:101140004FF0000B0018524149414BEB0B0BB2EB37
:10115000080C71EB03077BF1000B24BF6246394694
:101160004EEB0E0E4FF0000B0018524149414BEB75
:101170000B0BB2EB080C71EB03077BF1000B24BFE8
:10118000624639464EEB0E0E51EA020718BF46F092
:10119000010616EB0E7655F1000254F1000103D55D
:1011A000BDE88901BDE80088BDE88901BDE80048C7
:1011B000B619524141EB0101A3F101037047808050
:1011C0007F7E7D7C7B7A79787776767574737271A1
:1011D00071706F6E6E6D6C6C6B6A6A696868676659
:1011E00066656464636362616160605F5F5E5E5DEB
:1011F0005D5C5C5B5B5A5A5959585857575656555F
:1012000055555454535352525251515050504F4FC0
:101210004F4E4E4D4D4D4C4C4C4B4B4B4A4A4A4910
:101220004949484848474747474646464545454453
:101230004444444343434342424242414141002BE0
:101240009C4630D477002BD01CB54FEA370703B447
:101250004FF010004FF01001BAF1000F06D0BCF1B2
:10126000000FDCBF40F0080040F008014FF0000024
:101270000FBCBDE810400BF1010BBBF1010F08BF23
:101280005FEA170722BF12F1010211F101014FF0CD
:10129000004143F1000300F0004043EA00007047C2
:1012A000F9D35708D0E746EA064613F1400F4FEA54
:1012B00016461FDD13F1200FDFBF16430A4600213B
:1012C00020335B42BED0C3F1200746EA064602FA4D
:1012D00007F74FEA164646EA0706C3F1200722FA47
:1012E00003F201FA07F721FA03F14FF0000342EA93
:1012F0000702A7E746EA020646EA06464FEA16460E
:1013000046EA0106BCBF46EA0646360C4FF000032B
:101310004FF000024FF0000194E72DE9804C9A460F
:10132000934670B491E8380007C831EA400C48BFD2
:1013300034EA430C03D5FFF7E6FDFFF780FFF0BC6E
:10134000BDE8008C2DE9804C9A46934670B491E834
:10135000380007C810F0804F08BF13F0804F03D14A
:1013600000F005F8FFF76BFFF0BCBDE8008C20F043
:101370007F4780EA030023F07F4C07EB0C03A3F5C3
:101380007C5300F00040A3F1FE0392F0000F00F048
:10139000B38095F0000F00F077802DE901494FEA06
:1013A00011404FEA144621EA004800FB06FC24EAFB
:1013B000064708FB06F607FB08F800FB07F718EBE3
:1013C00006484CEB164C4FEA124B18EB07484FEA15
:1013D00015464CEB174022EA0B4E0BFB06FC25EAA8
:1013E00006470EFB06F607FB0EFE0BFB07F71EEB90
:1013F000064E4CEB164C4FF000061EEB074E4CEB26
:10140000174B18EB0B0840F1000018EB0E0B58EBD4
:10141000000840F100008F1A4FF000013CBFC943A3
:10142000661B14BFB5EB040C00213CBFC943F61B7F
:101430004FEA17444EEA8E0E27EA04454FEA1C474E
:1014400004FB07622CEA074C05FB07F70CFB05F6CB
:1014500004FB0CFC16EB074642EB174216EB0C465E
:1014600042EB1C421BEB060658EB0202414146EAE6
:101470009E0601D5BDE80189B619524141EB010133
:10148000A3F10103BDE801894FEA14454FEA114772
:1014900024EA054621EA074C05FB07F406FB07F79B
:1014A0000CFB06F105FB0CFC11EB074144EB174468
:1014B0004FEA124711EB0C4144EB1C4422EA074C63
:1014C00005FB07F206FB07F70CFB06F605FB0CFC19
:1014D00016EB074642EB174216EB0C4642EB1C4557
:1014E0006A1854F1000148BF7047B619524141EBE8
:1014F0000101A3F10103704795F0000F37D04FEAC7
:1015000011424FEA144721EA024624EA074C02FB43
:1015100007F106FB07F70CFB06F402FB0CFC14EBCF
:10152000074441EB17414FEA154714EB0C4441EBDC
:101530001C4125EA074C02FB07F506FB07F70CFBED
:1015400006F602FB0CFC16EB074645EB174516EBBF
:101550000C4645EB1C42121951F1000148BF70477F
:10156000B619524141EB0101A3F1010370474FEA63
:1015700014454FEA114724EA054621EA074C05FBCA
:1015800007F106FB07F70CFB06F24FF0000605FB20
:101590000CFC12EB074241EB174112EB0C4251EBF2
:1015A0001C4148BF7047921841EB0101A3F10103B0
:1015B000704770B5044600252068806800F001007F
:1015C00018B32068806820F001002168886001F06D
:1015D000ADF8054613E001F0A9F8401B02280ED92A
:1015E0002068806800F0010048B1A06A40F0100057
:1015F000A062E06A40F00100E062012070BD206856
:10160000806800F001000028E5D10020F6E7000026
:1016100038B504460025002000902068806800F05E
:10162000010078BB2068806840F001002168886074
:10163000194800681949B0FBF1F0009002E00098E9
:10164000401E009000980028F9D101F06FF805467F
:1016500019E001F06BF8401B022814D9206880685B
:1016600000F0010078B9A06A40F01000A062E06AC2
:1016700040F00100E06200BF002084F8240000BFB9
:10168000012038BD05E02068806800F001000028D6
:10169000DFD00020F5E700001C00002040420F00D2
:1016A00000BFFEE710B5024800F03EFD10BD00008F
:1016B000D416002010B5024800F036FD10BD000021
:1016C0009016002030B590F840500124AC40C56B16
:1016D0006C60046863604468102C04D10468A260E4
:1016E0000468E16003E00468A1600468E26030BD62
:1016F000704772B600BFFEE72DE9F84F05468946F0
:1017000090469A46AB465E20009000245DE004EBD4
:101710000410344911F8100098F80010884251D193
:1017200004EB04102F4901EB4000407898F80110B9
:10173000884247D110231A464946284602F056FBF4
:1017400002F0CCFC00263BE0002734E0BAF1000FA9
:1017500014D104EB0410234901EB4000801C805D90
:1017600080213941084020B11F48008802F07CFCEC
:101770001FE01E48008802F077FC1AE004EB04101A
:10178000184901EB4000801C805D802139410840F0
:1017900018B14946284602F0A3F9681C85B2A5EBAA
:1017A0000B00102805D15D4609F101001FFA80F9F0
:1017B00003E0781CC7B2082FC8DB00BF701CC6B29C
:1017C000202EC1DB00BF601C84B2009884429EDBE7
:1017D0000748438802880021084602F007FBBDE85D
:1017E000F88F000098000020E0120020E212002094
:1017F000B01700202DE9F84F0546894690469A46D5
:10180000AB4606200090002465E004EB840000EB6A
:101810004410374911F8100098F80010884257D149
:1018200004EB840000EB4410314901EB40004078A8
:1018300098F8011088424BD118231A464946284689
:1018400002F0D4FA02F04AFC00263FE0002738E01C
:10185000BAF1000F16D104EB840000EB44102449C8
:1018600001EB4000801C805D80213941084020B19F
:101870002048008802F0F8FB21E01F48008802F0B1
:10188000F3FB1CE004EB840000EB4410184901EB6F
:101890004000801C805D80213941084018B14946D4
:1018A000284602F01DF9681C85B2A5EB0B0018282C
:1018B00005D15D4609F101001FFA80F903E0781CAB
:1018C000C7B2082FC4DB00BF701CC6B2482EBDDBF8
:1018D00000BF601C84B20098844296DB07484388AE
:1018E00002880021084602F081FABDE8F88F000066
:1018F000140D0020E0120020E2120020B01700209A
:101900002DE9F84F0546894690469A46AB46082091
:10191000009000245DE004EB8410344911F81000BD
:1019200098F80010884251D104EB84102F4901EB44
:101930004000407898F80110884247D120231A4689
:101940004946284602F052FA02F0C8FB00263BE066
:10195000002734E0BAF1000F14D104EB84102349BE
:1019600001EB4000801C805D80213941084020B19E
:101970001F48008802F078FB1FE01E48008802F034
:1019800073FB1AE004EB8410184901EB4000801C43
:10199000805D80213941084018B14946284602F04F
:1019A0009FF8681C85B2A5EB0B00202805D15D4689
:1019B00009F101001FFA80F903E0781CC7B2082F73
:1019C000C8DB00BF701CC6B2802EC1DB00BF601C2C
:1019D00084B2009884429EDB074843880288002135
:1019E000084602F003FABDE8F88F0000D00E002090
:1019F000E0120020E2120020B01700203EB504469D
:101A00000020009001900290009401200190052098
:101A100002906946094800F035F808B1FFF769FE01
:101A2000064800F0BDFA4FF0FF31044800F0F8F925
:101A3000024800F0D7F880B23EBD0000E815002053
:101A40003EB50446002000900190029000940120D1
:101A50000190052002906946094800F013F808B18A
:101A6000FFF747FE064800F09BFA4FF0FF310448AD
:101A700000F0D6F9024800F0B5F880B23EBD000093
:101A80001816002038B5024600230020009000BF41
:101A900092F82400012801D1022038BD012082F8EB
:101AA000240000BF4868072812D21068406B0C79E8
:101AB000641E04EB84051F24AC40A0430D796D1E09
:101AC00005EB85050C68AC4020431468606327E093
:101AD00048680D2812D21068006B0C79E41F04EBE3
:101AE00084051F24AC40A0430D79ED1F05EB85054F
:101AF0000C68AC4020431468206311E01068C06A91
:101B00000C790D3C04EB84051F24AC40A0430D79F7
:101B10000D3D05EB85050C68AC4020431468E06280
:101B200008680A2812D31068C0680C780A3C04EBD5
:101B300044050724AC40A0430D780A3D05EB45055C
:101B40008C68AC4020431468E0600FE010680069C6
:101B50000C7804EB44050724AC40A0430D7805EB5A
:101B600045058C68AC402043146820610868102843
:101B700002D00868112827D1174C1068A0421ED146
:101B80001068806800F40000F0B91068806840F4C4
:101B900000001468A0600868102815D10F4800687C
:101BA0000F4CB0FBF4F000EB80004000009002E02E
:101BB0000098401E009000980028F9D104E0906A37
:101BC00040F020009062012300BF002082F8240032
:101BD00000BF184661E70000002401401C000020FF
:101BE00040420F0001460868C06C70472DE9F04183
:101BF0000446002700250026A84614B90120BDE8A8
:101C0000F081A06810B1207D00B100BFA06A30B99A
:101C10000020E06284F82400204600F089F8204685
:101C2000FFF7C7FC0746A06A00F01000002873D138
:101C3000002F71D1A06A20F4885040F00200A06209
:101C4000E16960680843217B40EA41000643A068DF
:101C5000B0F5807F02D0A068012802D14FF48070D7
:101C600000E000200543207D012811D1207B38B9F8
:101C7000A069401E4FF4006141EA4030054307E08F
:101C8000A06A40F02000A062E06A40F00100E0623B
:101C90002068406820F46940284321684860206833
:101CA000806821490840304321688860A068B0F509
:101CB000807F02D0A068012802D14FF4807000E03C
:101CC0000020B0F5807F03D1208A401E4FEA0058E3
:101CD0002068C06A20F4700040EA08002168C862E9
:101CE0002068806811490840B04208D10020E062B5
:101CF000A06A20F0020040F00100A06211E0A06A9A
:101D000020F0020040F01000A062E06A40F0010004
:101D1000E062012705E0FFE7A06A40F01000A06242
:101D2000012738466BE70000FDF7E1FFFE0E1FFFBD
:101D300010B586B0044600200290039004900590F0
:101D400032492068884238D100BF3148806940F468
:101D500000702F4988610846806900F40070019086
:101D600000BF00BF00BF0846806940F004008861E2
:101D70000846806900F00400019000BF00BF00BF6A
:101D80000846806940F0080088610846806900F0D4
:101D90000800019000BF00BF0120029003200390C3
:101DA00002A91C4800F024FB0120029003200390AC
:101DB00002A9194800F01CFB26E018492068884257
:101DC00022D100BF1248806940F4806010498861C8
:101DD0000846806900F48060019000BF00BF00BF2A
:101DE0000846806940F0040088610846806900F078
:101DF0000400019000BF00BF022002900320039066
:101E000002A9044800F0F4FA06B010BD0024014015
:101E10000010024000080140000C01400028014071
:101E2000F8B504460D46002600200090002700F07B
:101E30007DFC06462068806800F4807050B1A06A7E
:101E400040F02000A06200BF002084F8240000BF02
:101E50000120F8BD2068406800F4807020BB206835
:101E6000C06A00F47000F8B917E0681CA8B125B189
:101E700000F05CFC801BA8420FD92068006800F0CD
:101E8000020050B9A06A40F00400A06200BF002028
:101E900084F8240000BF0320DBE72068006800F01E
:101EA00002000028E1D053E0022000F047FD38494D
:101EB0000968B1FBF0F021680969364A114091B90F
:101EC0002168C9689211114069B921680969324ACB
:101ED000114031B92168C9689211114009B9142122
:101EE00017E0292115E0216809692B4A114021B921
:101EF0002168C9689211114041B121680969274AD6
:101F0000114029B92168C968114009B9542100E07C
:101F1000FC2100FB01F718E0681C98B125B100F026
:101F200005FC801BA8420DD90098B8420AD2A06ACD
:101F300040F00400A06200BF002084F8240000BF2D
:101F4000032086E70098401C00900098B842E3D335
:101F50006FF0120021680860A06A40F40070A0626F
:101F60002068806800F46020B0F5602F0DD1207BE0
:101F700058B9A06A20F48070A062A06A00F4805072
:101F800018B9A06A40F00100A062002061E70000DB
:101F90001C000020244992249224491249922400D2
:101FA00070B50446002500BF94F82400012801D133
:101FB000022070BD012084F8240000BF2046FFF7F6
:101FC00027FB0546002D77D1A06A40F20121884306
:101FD00040F48070A0623C492068884208D13B48A8
:101FE000006800F4702008B9012002E0002000E041
:101FF000012078B1A06A20F48010A06220684068B7
:1020000000F4806000B3A06A20F4005040F48050D7
:10201000A06219E0A06A40F48010A0622B49091F59
:102020002068884203D028492068884204D1274884
:10203000006800F4806000E0002028B1A06A20F46D
:10204000005040F48050A062A06A00F4805020B19B
:10205000E06A20F00600E06201E00020E06200BFDC
:10206000002084F8240000BFC01E2168086020689A
:10207000806800F46020B0F5602F16D11249206806
:10208000884208D11148006800F4702008B9012086
:1020900002E0002000E0012038B12068806840F4B0
:1020A000A000216888600CE006E02068806840F4A9
:1020B00080102168886004E000BF002084F82400BC
:1020C00000BF284675E700000028014004240140B5
:1020D0000146002291F82100022808D004208863DC
:1020E00000BF002081F8200000BF01207047086871
:1020F000006820F00E000B6818600868006820F087
:1021000001000B68186091F8403001209840CB6BBB
:102110005860012081F8210000BF002081F82000D4
:1021200000BF1046E2E7000070B50446E06B0568AA
:102130002068066894F84010042088402840002851
:1021400046D006F00400002842D02068006800F065
:10215000200028B92068006820F004002168086089
:1021600057492068884201D1042027E0544914319E
:102170002068884201D1402020E051492831206860
:10218000884201D1001519E04D493C312068884250
:1021900002D14FF4804011E0494950312068884213
:1021A00002D14FF4802009E045496431206888421B
:1021B00002D14FF4800001E04FF0806040490839BF
:1021C0004860E06A00287AD02046E16A884776E0D5
:1021D00094F84010022088402840A0B306F0020086
:1021E00088B32068006800F0200040B920680068CB
:1021F00020F00A0021680860012084F8210030499D
:102200002068884201D1022028E02D49143120683D
:10221000884201D1202021E02949283120688842C4
:1022200001D140151AE026493C312068884202D18C
:102230004FF4005012E0224950312068884203D107
:102240004FF400300AE017E01D49643120688842ED
:1022500002D14FF4001001E04FF000701849083926
:10226000486000BF002084F8200000BFA06A30B39F
:102270002046A16A884722E094F840100820884050
:102280002840E0B106F00800C8B12068006820F0DE
:102290000E002168086094F8401001208840E16B2E
:1022A00048600120A06384F8210000BF002084F86A
:1022B000200000BF206B10B12046216B884770BD05
:1022C000080002400146002209B901207047164B60
:1022D0000868C01A1423B0FBF3F0800008641248A9
:1022E0000838C863022081F821000868026843F6B4
:1022F000F0708243D1E901031843CB6818430B699E
:1023000018434B6918438B691843CB691843024340
:102310000868026000208863012081F82100002005
:1023200081F8200000BFD1E7080002402DE9F0410C
:1023300004460D4616461F464FF0000800BF94F8AD
:102340002000012802D10220BDE8F081012084F89C
:10235000200000BF94F8210001282CD1022084F82D
:1023600021000020A0632068006820F0010021689F
:1023700008603B46324629462046FFF7A3F9E06A4B
:1023800030B12068006840F00E00216808600BE062
:102390002068006820F00400216808602068006858
:1023A00040F00A00216808602068006840F00100E1
:1023B0002168086006E000BF002084F8200000BF0C
:1023C0004FF002084046BFE770B5044600F0AEF992
:1023D00006462546681C10B104480078054400BF35
:1023E00000F0A4F9801BA842FAD370BD18000020A9
:1023F0002DE9F8470346002294466EE14FF00108AC
:1024000008FA02F4D1F8008008EA0400A0427DD165
:10241000DFF8DCA2D1F80480A8EB0A09D0453AD055
:1024200014DCB8F1030F50D009DCB8F1000F31D043
:10243000B8F1010F1CD0B8F1020F49D120E0B8F17A
:10244000110F18D0B8F1120F42D11EE0B9F5881F54
:1024500025D006DCB9F5803F20D0B9F5801F37D1F3
:102460001AE0B9F5001F18D0B9F5041F30D117E0F4
:10247000D1F80CC02DE0D1F80C8008F1040C28E054
:10248000D1F80C8008F1080C23E0D1F80C8008F199
:102490000C0C1EE000BF00BF00BF00BF00BF00BFAC
:1024A000D1F80880B8F1000F02D14FF0040C0BE016
:1024B000D1F80880B8F1010F03D14FF0080C1C616E
:1024C00002E04FF0080C5C6103E04FF0000C00E00C
:1024D00000BF00BFFF2801D8984601E003F10408BF
:1024E0004646FF2802D84FEA820803E0A2F1080816
:1024F0004FEA88084746D6F800804FF00F0909FADE
:1025000007F928EA09080CFA07F900E088E048EA28
:102510000908C6F80080D1F8048008F08058B8F1A6
:10252000805F7DD100BFDFF8CC81D8F8188048F0FB
:102530000108DFF8C091C9F81880C846D8F818809B
:1025400008F00108CDF8008000BF00BF4FEAB9389D
:102550004FEA920958F829504FEA82784FEA1879E1
:102560004FF00F0808FA09F825EA0805DFF8888116
:10257000434502D14FF0000816E0DFF88081434563
:1025800002D14FF001080FE0DFF87481434502D11A
:102590004FF0020808E0DFF86C81434502D14FF0AC
:1025A000030801E04FF004084FEA82794FEA1979F5
:1025B00008FA09F848EA0505DFF84C814FEA920964
:1025C00048F82950D1F8048008F48018B8F5801F25
:1025D0000AD1DFF83881D8F8008048EA0008DFF82F
:1025E0002C91C9F8008009E0DFF82081D8F800803C
:1025F00028EA0008DFF81491C9F80080D1F80480B7
:1026000008F40018B8F5001F10D1DFF8008108F1B8
:102610000408D8F8008048EA0008DFF8F09000E0ED
:102620005AE009F10409C9F800800DE0DFF8DC8008
:1026300008F10408D8F8008028EA0008DFF8CC90F8
:1026400009F10409C9F80080D1F8048008F40038C1
:10265000B8F5003F0ED1DFF8B480A8F10408D8F82F
:10266000008048EA0008DFF8A490A9F10409C9F83D
:1026700000800DE0DFF89480A8F10408D8F800800D
:1026800028EA0008DFF88490A9F10409C9F800805D
:10269000D1F8048008F48038B8F5803F0ED1DFF817
:1026A0006C80A8F10808D8F8008048EA0008DFF834
:1026B0005C90A9F10809C9F800800DE0DFF84C80B2
:1026C000A8F10808D8F8008028EA0008DFF83C9054
:1026D000A9F10809C9F80080521CD1F8008028FA35
:1026E00002F8B8F1000F7FF489AEBDE8F88700006A
:1026F000000011100010024000080140000C0140D1
:10270000001001400014014008000140080401408D
:10271000024693680B400BB1012000E00020704797
:102720000AB1016101E00B040361704701480068D0
:102730007047000010000020034800680349097832
:10274000084401490860704710000020180000206C
:1027500010B50848006840F01000064908600320E2
:1027600000F0D8F80F2000F007F800F055F800202E
:1027700010BD000000200240F0B587B004460026DE
:102780000027002500BF1F48806940F400601D49F4
:1027900088610846806900F40060009000BF00BFB7
:1027A00001A902A800F0A6FA00F0DCFA06461648D5
:1027B000B6FBF0F0471E15481549086040F2E731B6
:1027C0001348C1604760002101618160816100F0B0
:1027D00045FD054695B90E4800F074FD05466DB9F6
:1027E000192000F049F8102C07D2002221461920A8
:1027F00000F052F80748046000E00125284607B0C1
:10280000F0BD00000010024040420F00002C0140CB
:10281000181700201400002008B500BF1448806974
:1028200040F00100124988610846806900F001000B
:10283000009000BF00BF00BF0846C06940F0805054
:10284000C8610846C06900F08050009000BF00BF1A
:1028500000220F21901E00F01FF800BF05494868B4
:1028600020F0E06040F00070486000BF08BD00004C
:10287000001002400000014001460846002809DB24
:1028800000F01F0301229A4043099B0003F1E0235B
:10289000C3F8002100BF70472DE9F05F80460D4668
:1028A0001646002702F02CFA074639462A463346D8
:1028B00001F00700C0F1070ABAF1040F02D94FF086
:1028C000040A01E0C0F1070AD14600F1040ABAF196
:1028D000070F02D24FF0000A01E0A0F1030AD4462C
:1028E0004FF0010A0AFA09FAAAF1010A0AEA020AF1
:1028F0000AFA0CFA4FF0010B0BFA0CFBABF1010BCF
:102900000BEA030B4AEA0B042146404602F000FAA8
:10291000BDE8F09F00BF00F00702064B19684FF6B4
:10292000FF031940044B0B4343EA0221014B19609A
:1029300000BF70470CED00E00000FA052DE9F047FC
:1029400006464FF00008002500270024A146012E6E
:1029500031D0022E56D0102E5FD132484468006824
:1029600000F0807008B33048C4F38341475C04F43E
:10297000803078B12B484068C0F340402B4911F8B3
:10298000008004F4803040B12948B0FBF8F000FB2F
:1029900007F502E0274807FB00F52248406800F4ED
:1029A0008000B0F5800F01D1A94603E06800032143
:1029B000B0FBF1F932E01B48046A04F44070B0F552
:1029C000807F05D104F0020010B14FF4004918E0F7
:1029D00004F44070B0F5007F07D11248406A00F05F
:1029E000020010B149F640490BE004F44070B0F524
:1029F000407F06D10B48006800F4003008B14FF268
:102A000024490BE000F0AEF906494968C1F3813171
:102A1000491C4900B0FBF1F900E000BF00BF484687
:102A2000BDE8F087001002401E7900082E790008EA
:102A300000127A0000093D00F8B504460026002582
:102A4000207800F0010000286BD000274348C069BF
:102A500000F0805070B900BF4048C06940F080501D
:102A60003E49C8610846C06900F08050009000BF30
:102A700000BF01273A48006800F48070B0B93848B8
:102A8000006840F4807036490860FFF74FFE064644
:102A900006E0FFF74BFE801B642801D90320F8BD38
:102AA0002F48006800F480700028F2D02B48006A9C
:102AB00000F440752DB3A08800F44070A84220D0E7
:102AC0002648006A20F4407501202649086000204D
:102AD00008602248056205F0010090B1FFF726FE6C
:102AE000064608E0FFF722FE801B41F2883188424B
:102AF00001D90320D3E71948006A00F0020000283A
:102B0000F0D01648006A20F4407061680843134909
:102B10000862012F04D10846C06920F08050C861C6
:102B200000BF207800F00200022807D10B4840685F
:102B300020F44040A168084308494860207800F02C
:102B40001000102807D10548406820F48000E16893
:102B50000843024948600020A1E70000001002403D
:102B6000007000404004424270B504460D460CB966
:102B7000012070BD5A48006800F00700A8420ED23C
:102B80005748006820F00700284355490860084668
:102B9000006800F00700A84201D00120E9E7207892
:102BA00000F0020002281DD1207800F00400042863
:102BB00005D14C48406840F4E0604A4948602078BC
:102BC00000F00800082805D14648406840F46050ED
:102BD000444948604348406820F0F000A168084339
:102BE00040494860207800F0010078B3606801280F
:102BF00006D13C48006800F4003090B90120B8E7E5
:102C00006068022806D13748006800F0007040B9BB
:102C10000120AEE73348006800F0020008B9012047
:102C2000A7E73048406820F00300616808432D4959
:102C30004860FFF77BFD064609E0FFF777FD801B44
:102C400041F28831884202D9032092E707E0254803
:102C5000406800F00C006168B0EB810FEDD12048B6
:102C6000006800F00700A8420ED91D48006820F057
:102C7000070028431A4908600846006800F007006A
:102C8000A84201D0012074E7207800F00400042855
:102C900007D11448406820F4E060E1680843114916
:102CA0004860207800F00800082808D10D484068E6
:102CB00020F46050216940EAC1000A49486000F0F0
:102CC00061F808494968C1F30311074A515CC840DB
:102CD0000649086006480068FFF74EFD002048E7F7
:102CE0000020024000100240307900081C00002043
:102CF000140000200F2202600D4A526802F0030205
:102D000042600B4A526802F0F0028260084A526840
:102D100002F4E062C260064A526802F46052D208CD
:102D20000261044A126802F007020A60704700005C
:102D30000010024000200240014800687047000077
:102D40001C00002000B5FFF7F7FF04494968C1F3F4
:102D50000221034A515CC84000BD0000001002403F
:102D60004079000800B5FFF7E7FF04494968C1F35F
:102D7000C221034A515CC84000BD0000001002405F
:102D80004079000870B500210022002400230020B3
:102D9000134D696801F00C05F5B1042D02D0082D22
:102DA00019D101E00F4819E00F4DC1F38346AB5D27
:102DB00001F4803555B10A4D6D68C5F340450B4EA1
:102DC000725D084D5D43B5FBF2F402E0084D03FB74
:102DD00005F4204602E000BF024800BF00BF70BDFE
:102DE0000010024000127A000C7900081C790008DB
:102DF00000093D00F8B504460CB90120F8BD207863
:102E000000F00100002878D0F848406800F00C007D
:102E100004280CD0F548406800F00C00082811D1B7
:102E2000F248406800F48030B0F5803F0AD1EF48A6
:102E3000006800F4003000285FD0606800285CD192
:102E40000120DBE700BF6068B0F5803F06D1E748AE
:102E5000006840F48030E549086028E0606858B9AF
:102E6000E248006820F48030E049086008460068C5
:102E700020F4802008601AE06068B0F5A02F0BD124
:102E8000DA48006840F48020D849086008460068A5
:102E900040F4803008600AE0D448006820F48030B4
:102EA000D24908600846006820F48020086000BF0E
:102EB000606888B1FFF73AFC054606E0FFF736FC8C
:102EC000401B642801D9032098E7C848006800F433
:102ED00000300028F2D010E0FFF728FC054606E09D
:102EE000FFF724FC401B642801D9032086E7BF4874
:102EF000006800F400300028F2D1207800F00200D1
:102F0000022857D1B948406800F00C0050B1B748CA
:102F1000406800F00C00082818D1B448406800F45C
:102F2000803098B9B148006800F0020020B12069F3
:102F3000012801D0012061E7AC48006820F0F800CA
:102F4000616940EAC100A949086033E02069E8B13D
:102F50000120A7490860FFF7E9FB054606E0FFF7F7
:102F6000E5FB401B022801D9032047E79F48006882
:102F700000F002000028F2D09C48006820F0F80021
:102F8000616940EAC1009949086013E0002098494E
:102F90000860FFF7CBFB054606E0FFF7C7FB401BC9
:102FA000022801D9032029E79048006800F00200B8
:102FB0000028F2D1207800F0080008282DD1A0695F
:102FC000B8B101208B490860FFF7B0FB054606E069
:102FD000FFF7ACFB401B022801D903200EE7834812
:102FE000406A00F002000028F2D0012001F026FA29
:102FF00013E000207F490860FFF798FB054606E0D4
:10300000FFF794FB401B022801D90320F6E677481E
:10301000406A00F002000028F2D1207800F004009D
:10302000042873D100277148C06900F0805070B93E
:1030300000BF6E48C06940F080506C49C8610846C6
:10304000C06900F08050009000BF00BF01276A48AF
:10305000006800F48070B0B96748006840F4807080
:1030600065490860FFF762FB054606E0FFF75EFB77
:10307000401B642801D90320C0E65F48006800F4C3
:1030800080700028F2D000BFE068012806D15748C0
:10309000006A40F001005549086227E0E06858B92D
:1030A0005248006A20F00100504908620846006A50
:1030B00020F00400086219E0E06805280BD14B48B5
:1030C000006A40F00400494908620846006A40F07E
:1030D000010008620AE04548006A20F00100434907
:1030E00008620846006A20F00400086200BFE06839
:1030F000A0B1FFF71BFB054609E0FFF717FB401BDC
:1031000041F28831884202D9032077E622E037482D
:10311000006A00F002000028EFD012E0FFF706FB83
:10312000054608E0FFF702FB401B41F28831884268
:1031300001D9032062E62D48006A00F00200002851
:10314000F0D1012F05D12948C06920F080502749CE
:10315000C86100BFE069C8B32448406800F00C00B3
:10316000082860D0E069022848D10020204908667C
:10317000FFF7DCFA054606E0FFF7D8FA401B022805
:1031800001D903203AE61948006800F000700028D1
:10319000F2D1206AB0F5803F07D11448406820F48E
:1031A0000030A168084311494860D4E90801084388
:1031B0000E49496821F4741108430C494860012004
:1031C0000B490866FFF7B2FA054607E03DE0FFF756
:1031D000ADFA401B022801D903200FE6034800681E
:1031E00000F000700028F2D02FE000000010024034
:1031F0000000424280044242007000400020144916
:103200000866FFF793FA054606E0FFF78FFA401BC2
:10321000022801D90320F1E50E48006800F0007093
:103220000028F2D111E0E069012800D1E6E5094863
:10323000466806F48031206A814204D106F4701198
:10324000606A814201D00120D8E50020D6E5000067
:1032500000004242001002407047704710B504461B
:103260000CB9012010BD94F83D0028B9002084F865
:103270003C00204600F025F8022084F83D00211D86
:10328000206801F0ADFA012084F8460000BF84F800
:103290003E0001213F2001554020015541200155AC
:1032A00000BF00BF012084F84200432001554420A4
:1032B00001554520015500BF012084F83D00002044
:1032C000D0E77047014691F83D00012801D0012068
:1032D0007047022081F83D000868C06840F0010096
:1032E0000B68D860124B086898420BD00868B0F1A0
:1032F000804F07D00F4B0868984203D00E4B0868E8
:1033000098420CD10868806800F00702062A0CD0A9
:103310000868006840F001000B68186005E0086864
:10332000006840F001000B6818600020D0E7000042
:10333000002C01400004004000080040704770B5B8
:1033400004462068C5682068066906F00200022865
:1033500019D105F00200022815D1401F216808612B
:10336000012020772068806900F0030018B1204612
:10337000FFF7E4FF05E0204600F097F8204600F054
:1033800095F80020207706F00400042819D105F0F4
:103390000400042815D1C043216808610220207769
:1033A0002068806900F4407018B12046FFF7C6FF1E
:1033B00005E0204600F079F8204600F077F800207C
:1033C000207706F00800082819D105F00800082821
:1033D00015D1C04321680861042020772068C069A6
:1033E00000F0030018B12046FFF7A8FF05E02046D3
:1033F00000F05BF8204600F059F80020207706F036
:103400001000102819D105F01000102815D1C04364
:1034100021680861082020772068C06900F44070A6
:1034200018B12046FFF78AFF05E0204600F03DF87E
:10343000204600F03BF80020207706F0010048B15C
:1034400005F0010030B16FF00100216808612046ED
:1034500000F02EF806F08000802809D105F08000E9
:10346000802805D1C043216808612046FFF7F4FE9B
:1034700006F04000402809D105F04000402805D161
:10348000C04321680861204600F01EF806F02000C5
:10349000202809D105F02000202805D1C04321684B
:1034A00008612046FFF7D9FE70BD704770470000E5
:1034B00010B5044603492068884201D1FFF73CF962
:1034C00010BD0000002C01407047704770B50446E5
:1034D000002520684069C0F3C01594F841002128F8
:1034E00017D1B5B100BF00BF2168143151E8001FEA
:1034F00021F080002168143141E80002002AF3D154
:1035000000BFA06B10B1A06BFEF7E2FD204601F0FA
:1035100073FA20684069C0F3801594F842002228AD
:1035200017D1B5B100BF00BF2168143151E8001FA9
:1035300021F040002168143141E80002002AF3D153
:1035400000BFE06B10B1E06BFEF7C2FD204601F05A
:103550001DFA002070BD704710B504460CB901205B
:1035600010BDA06900B100E000BF94F8410028B987
:10357000002084F84000204600F02AF8242084F837
:1035800041002068C06820F400502168C8602046CF
:1035900001F046FA2068006920F490402168086133
:1035A0002068406920F02A00216848612068C068CE
:1035B00040F400502168C86000206064202084F836
:1035C000410084F842000020606300BFC8E70000AB
:1035D00010B586B004460020029003900490059038
:1035E00037492068884268D100BF3648C06940F436
:1035F00000303449C8610846C06900F400300190C9
:1036000000BF00BF00BF0846806940F00400886129
:103610000846806900F00400019000BF00BF04204C
:103620000290022003900320059002A92648FEF78D
:10363000DFFE0820029000200390049002A9224897
:10364000FEF7D6FE2148224908601020486000217C
:103650001F4881608021C160002101614161816159
:10366000C161FEF72FFE08B1FEF743F800BF18480E
:10367000A063446200BF1548143816490860002052
:1036800048600021134881608021C16000210161F0
:1036900041618161C161FEF715FE08B1FEF729F8AD
:1036A00000BF0C48E063446200BF002205212620D1
:1036B000FFF7F2F82620FFF7DFF806B010BD000094
:1036C0000044004000100240000801408000024019
:1036D00090160020D416002070B504460D461646FC
:1036E00094F8420020280BD105B10EB9012070BD1D
:1036F0000020206332462946204601F00FFAF6E703
:103700000220F4E7704770472DE9F84F04460E4653
:10371000174699464FF0000A94F84100202850D1EE
:1037200006B117B90120BDE8F88F002060642120A0
:1037300084F84100FEF7FAFF8246A784E784A06878
:10374000B0F5805F04D1206910B90025B04602E0D1
:1037500035464FF000081EE05346002280212046E7
:10376000CDF8009001F03EFA20B1202084F841000D
:103770000320D8E745B9B8F80000C0F30800216875
:10378000486008F1020803E02878216848606D1C51
:10379000E08C401EE084E08C0028DDD153460022FE
:1037A00040212046CDF8009001F01CFA20B12020E5
:1037B00084F841000320B6E7202084F8410000206F
:1037C000B1E70220AFE700BFFEE7000000B585B01B
:1037D00000BF1148806940F008000F498861084621
:1037E000806900F00800009000BF00BF4FF4406007
:1037F000019011200290012003900320049001A960
:103800000648FEF7F5FD01224FF440610348FEF73C
:1038100087FF05B000BD000000100240000C014011
:1038200010B50122D1020B48FEF77AFF0122910266
:103830000848FEF775FF02F01FF800224FF4006100
:103840000448FEF76DFF00224FF480610148FEF747
:1038500067FF10BD000C014010B500224FF400615D
:103860000748FEF75DFF012291020548FEF758FF69
:1038700002F002F80122D1020148FEF751FF10BD0B
:10388000000C014010B50122D1020B48FEF748FFA1
:10389000012291020848FEF743FF00BF4FF4006188
:1038A0000548FEF735FF0028F8D100224FF480616B
:1038B0000148FEF735FF10BD000C014070B504460D
:1038C000254600261DE000224FF480611148FEF7D6
:1038D00027FF05F0800028B10122D1020D48FEF734
:1038E0001FFF05E000224FF400610A48FEF718FFB1
:1038F0006806050E012291020648FEF711FF701CB2
:10390000C6B2082EDFDB00224FF480610148FEF7CB
:1039100007FF70BD000C014070B506460024094841
:103920000588408845430021084600F045FA00F02C
:10393000D5FB00BF03E0304600F096FB641CAC42B0
:10394000F9D370BDB017002010B504460CB1012C9E
:103950001CD1002035498871F02008804FF4A070F8
:1039600048802C2008812A2048812B20888134B966
:10397000362000F03FFB002000F002FB27E036205D
:1039800000F038FBC02000F0FBFA20E0022C01D050
:10399000032C1CD10120254988714FF4A0700880A8
:1039A000F02048802C2008812A2048812B20888103
:1039B000022C06D1362000F01DFBA02000F0E0FA1A
:1039C00005E0362000F016FB602000F0D9FA174918
:1039D000488900F00FFB002000F0D2FA002000F030
:1039E000CFFA12490988491EC1F30F2000F0C8FA26
:1039F0000E490978491EC8B200F0C2FA0B498889FD
:103A000000F0F8FA002000F0BBFA002000F0B8FA4D
:103A100006494988491EC1F30F2000F0B1FA034955
:103A20008978491EC8B200F0ABFA10BDB01700206B
:103A30002DE9FF4F85B081468A460020049003900F
:103A40000798A0EB09050898A0EB0A06CDF80890A6
:103A5000CDF804A0002D01DD012705E00DB90027F8
:103A600002E04FF0FF376D42002E02DD4FF00108FB
:103A700006E016B94FF0000802E04FF0FF3876423A
:103A8000B54201DD2C4600E034464FF0000B21E04A
:103A9000019A91B2029A90B200F022F80498284458
:103AA00004900398304403900498A04205DD0498E4
:103AB000001B04900298384402900398A04205DD50
:103AC0000398001B03900198404401900BF1010002
:103AD0001FFA80FB601C8345DADD09B0BDE8F08F7A
:103AE00070B504460D462946204600F065F900F001
:103AF000F5FA0248008800F0B7FA70BDE012002025
:103B00002DE9F04104460D4616461F462B46324627
:103B100029462046FFF78CFF3B4622462946204691
:103B2000FFF786FF3B46324639462046FFF780FFC7
:103B30003B46324629463046FFF77AFFBDE8F08122
:103B400070B505460E4614463146284600F034F955
:103B500002490889214600F0C9FA70BDB01700205B
:103B60002DE9FC5F05460E4617469846DDF8309075
:103B7000002001902748808846F60401884229D118
:103B800024488079012825D1AB4635462148008854
:103B9000C01B401E86B247461E480088A0EB0B00A3
:103BA000401E1FFA80F800201A4988712A20488197
:103BB0002B20888143463A4631462846CDF800906E
:103BC000FFF7CEFF0120134988712B2048812A205E
:103BD00088811CE0781B401C80B20190344614E0C0
:103BE0002146284600F0E8F800F078FA4FF0000A85
:103BF00006E0484600F038FA0AF101001FFA80FAA0
:103C000001988245F5DB601C84B24445E8DDBDE8DF
:103C1000FC9F0000B017002010B5012280216548EC
:103C2000FEF77EFD012001F0A1FA0022802161480B
:103C3000FEF776FD0A2001F099FA012280215D4805
:103C4000FEF76EFD782001F091FA112000F0D2F914
:103C5000782001F08BFA362000F0CCF9002000F03B
:103C60008FF93A2000F0C6F9052000F089F9B2205A
:103C700000F0C0F90C2000F083F90C2000F080F96E
:103C8000002000F07DF9332000F07AF9332000F0B5
:103C900077F9B72000F0AEF9352000F071F9BB20BC
:103CA00000F0A8F9282000F06BF9C02000F0A2F97C
:103CB0002C2000F065F9C22000F09CF9012000F0F2
:103CC0005FF9C32000F096F90B2000F059F9C420E9
:103CD00000F090F9202000F053F9C62000F08AF996
:103CE0000F2000F04DF9D02000F084F9A42000F05E
:103CF00047F9A12000F044F9E02000F07BF9D02042
:103D000000F03EF9012000F03BF9082000F038F9FE
:103D10000F2000F035F9112000F032F92A2000F0D0
:103D20002FF9362000F02CF9552000F029F9442015
:103D300000F026F93A2000F023F90B2000F020F9DA
:103D4000062000F01DF9112000F01AF9202000F0E3
:103D500017F9E12000F04EF9D02000F011F902200F
:103D600000F00EF9072000F00BF90A2000F008F926
:103D70000B2000F005F9182000F002F9342000F0C3
:103D8000FFF8432000F0FCF84A2000F0F9F82B205F
:103D900000F0F6F81B2000F0F3F81C2000F0F0F81B
:103DA000222000F0EDF81F2000F0EAF8292000F0B2
:103DB00021F910BD0008014070B504460D460A49BE
:103DC000488900F017F9201200F0DAF8E0B200F0AC
:103DD000D7F80549888900F00DF9281200F0D0F8CD
:103DE000E8B200F0CDF870BDB01700202DE9F04723
:103DF00004460D4616461F46A019401E1FFA80F8BD
:103E0000E819401E1FFA80F91249488900F0F2F8BB
:103E1000201200F0B5F8E0B200F0B2F84FEA282026
:103E200000F0AEF808F0FF0000F0AAF80949888910
:103E300000F0E0F8281200F0A3F8E8B200F0A0F8D3
:103E40004FEA292000F09CF809F0FF0000F098F8F4
:103E5000BDE8F087B01700202DE9F84F80460E46E8
:103E600017461C46B3462046E31704EB5373DB109A
:103E700021464FEAE47C04EB5C7C4FEAEC0CA4EBBB
:103E8000CC0CBCF1000F02D04FF0010C01E04FF060
:103E9000000C6344224604EBD27C4FEA6C0C03FB1B
:103EA0000CF3DBB20093A7F12000C7B2002556E067
:103EB0000C2C07D107EB47002B4901EB800010F8D1
:103EC000059013E0102C05D1284800EB071010F8DE
:103ED00005900BE0182C07D107EBC700244901EB34
:103EE000800010F8059001E0BDE8F88F4FF0000A5F
:103EF0002FE009F0800030B11E480288314640466C
:103F0000FFF71EFE07E00A9828B91B4802883146D1
:103F10004046FFF715FE4FEA49604FEA1069701CF2
:103F200086B216484088B04200DCDDE7A6EB0B0005
:103F3000A0420AD15E4608F101001FFA80F80F483E
:103F40000088404500DCCFE706E00AF1010000F000
:103F5000FF0ABAF1080FCCDB00BF681CC5B200989D
:103F60008542A5DB00BFBFE760790008D47D00086B
:103F7000C4830008E0120020E2120020B0170020E5
:103F800070B50446002240211848FEF7C9FB012203
:103F900002211748FEF7C4FB00251FE004F0800053
:103FA00028B1012211031248FEF7BAFB05E00022F6
:103FB0004FF480510E48FEF7B3FB4FF6FF7000EA56
:103FC000440400224FF400510948FEF7A9FB0122E6
:103FD00051030748FEF7A4FB681CC5B2082DDDDBC2
:103FE000012240210148FEF79BFB70BD0008014003
:103FF000000C014070B50446002240211848FEF72D
:104000008FFB002202211748FEF78AFB00251FE0E4
:1040100004F0800028B1012211031248FEF780FB52
:1040200005E000224FF480510E48FEF779FB4FF671
:10403000FF7000EA440400224FF400510948FEF7E3
:104040006FFB012251030748FEF76AFB681CC5B2EB
:10405000082DDDDB012240210148FEF761FB70BD28
:1040600000080140000C014070B5044600224021C8
:104070001848FEF755FB012202211748FEF750FBB6
:1040800000251FE004F4004028B10122110312486A
:10409000FEF746FB05E000224FF480510E48FEF784
:1040A0003FFB4FF6FF7000EA440400224FF400513A
:1040B0000948FEF735FB012251030748FEF730FBA4
:1040C000681CC5B2102DDDDB012240210148FEF73E
:1040D00027FB70BD00080140000C014010B50249EB
:1040E0000889FFF787FF10BDB017002070B505469F
:1040F0000C462846FFF77EFF2046FFF7B5FF70BD50
:1041000070B504460025002604F470600512E6B27E
:10411000FFF786FBC020FFF7D1FBFFF7B3FB284674
:10412000FFF7CCFBFFF7AEFB3046FFF7C7FBFFF70F
:10413000A9FBFFF791FB0A20FEF746F970BD0000CE
:104140000EB50020009001900290124812490860BC
:10415000002111488160017301754FF46021C16134
:1041600000200D49486001210B480161FDF73EFD2B
:1041700008B1FDF7BEFA0020009001200190002058
:10418000029069460448FDF77DFC08B1FDF7B1FADD
:104190000EBD000000240140E81500200EB50020EF
:1041A00000900190029012481249086000211148C5
:1041B000816001210173002101754FF46021C1610B
:1041C00000200C49486001210A480161FDF70EFDFD
:1041D00008B1FDF78EFA01200090019000200290B6
:1041E00069460448FDF74EFC08B1FDF782FA0EBDA2
:1041F000002801401816002008B500BF0E4840698D
:1042000040F001000C4948610846406900F0010097
:10421000009000BF00BF002205211020FEF73CFBEC
:104220001020FEF729FB002205211120FEF734FBA8
:104230001120FEF721FB08BD0010024000B587B039
:104240001C2206496846FCF794F90021684601F0F3
:1042500081FB0349086007B000BD0000F07800084A
:104260000C00002000B585B0002001900290039062
:10427000049000BF5D48806940F010005B49886190
:104280000846806900F01000009000BF00BF00BF2A
:104290000846806940F0200088610846806900F087
:1042A0002000009000BF00BF00BF0846806940F0BA
:1042B000040088610846806900F00400009000BF97
:1042C00000BF00BF0846806940F0080088610846CA
:1042D000806900F00800009000BF00BF00224FF688
:1042E00020714348FEF71CFA012248F6B0114148FC
:1042F000FEF716FA002240213E48FEF711FA01228D
:1043000047F2A2013C48FEF70BFA00224FF4546139
:104310003948FEF705FA4FF620700190012002900F
:1043200003900220049001A93148FEF761F8DD20D6
:104330000190002002900120039001A92C48FEF773
:1043400057F848F2F01001900120029003900220EB
:10435000049001A92748FEF74BF847F2A2100190FC
:104360000120029003900220049001A92248FEF748
:104370003FF84FF44060019011200290012003901B
:104380000220049001A91C48FEF732F848F20820E8
:104390000190002002900120039001A91648FEF729
:1043A00027F84FF400600190012002900020039054
:1043B0000220049001A90F48FEF71AF8102001907E
:1043C00000200290039001A90B48FEF711F840204D
:1043D000019001200290002003900220049001A986
:1043E0000548FEF705F805B000BD000000100240CA
:1043F0000010014000080140000C014010B50B48BE
:104400000B4908604FF4E1304860002108488160A2
:10441000C16001610C21416100218161C161FFF72F
:104420009BF808B1FDF765F910BD0000004400409D
:104430004816002000BFFEE700BFFEE708B50849A8
:104440000968C9084FF47A72B1FBF2F14143009157
:1044500000BF00BF00994A1E00920029F9D108BD93
:104460001C00002010B502460023002004E0145C6C
:104470001C44A3B2441CE0B28842F8DBD8B210BDA1
:1044800070B54348007800B970BD424800780728ED
:1044900000DA71E040484149086008460068007849
:1044A000AA2800D068E03D4800680079841D39489A
:1044B0000078A04200D05FE0601EC1B23648FFF72E
:1044C000D1FF0546601E3449085CA84200D053E085
:1044D00032480068C078102816D0202821D12F48F3
:1044E0000068007901280EDB2C490968487920B161
:1044F000012803D0032803D101E002E001E000E03D
:1045000000BF00BF00BF0DE0254824490968D1F86D
:1045100005100160234921480068D0F809000860AF
:1045200000E000BF00BF1D4800688078012822D14C
:104530001D4948741A48006888601A480068486035
:10454000184801681648006803F0D2F81649C86098
:104550000846407C60B18868144903F095F903D29D
:1045600001201149087006E000200F49087002E0A0
:1045700000200D49087000BF00200549087005495A
:104580000870192204490A48FFF7A6F800BF7BE724
:1045900000000020010000205013002054000020E3
:1045A000580000205C00002060170020CDCCCC3DDE
:1045B000481600202DE9F04105460E46144601221A
:1045C000D1021148FEF7ACF8AA201049087008463D
:1045D0004570002088702020C8700846047122466B
:1045E0003146401DFBF780FF601DC1B20748FFF751
:1045F00039FF0746601D05490F54A21D0A230448D0
:10460000FFF782F8BDE8F08100080140200000209B
:10461000481600202DE9F84F06460F4615461C4661
:10462000DDF82880B1464FF0000A65E0BAF1000FCE
:104630003AD104EBD471334A1288A2EB6101B14242
:1046400004DB30494988091BB94201DABDE8F88F1B
:104650002878802802DD4FF0010A4DE028780D28E7
:1046600004D1381987B24E466D1C1BE0182C0BDBA9
:10467000CDF800802A78182339463046FFF7ECFB46
:1046800006F10C0086B20DE0CDF800802A782346B2
:1046900039463046FFF7E0FB204604EBD07106EBCD
:1046A00061018EB26D1C27E016480088001BB042E5
:1046B00004DB14484088001BB84200DAC6E74FF01C
:1046C000000A202C06D143462A4639463046FDF7DB
:1046D00017F90EE0182C06D143462A4639463046D3
:1046E000FDF788F805E043462A4639463046FDF78F
:1046F00003F8AD1C301986B22878002896D100BF87
:10470000A4E70000B017002000BF012001F011F95C
:10471000FBE7000010B500BF502080F31188BFF305
:104720004F8FBFF36F8F00BF02F064FA18B14FF0E4
:1047300080500449086000BF002080F3118800BF4A
:1047400010BD000004ED00E000B593B0282109A8D9
:10475000FBF741FF142104A8FBF73DFF0020009068
:104760000190029003900120099000040A9000201B
:104770000B9001200D9002201090C10311914FF475
:10478000E011129109A8FEF735FB08B1FCF7B1FF63
:104790000F20049002200590002006904FF48060C6
:1047A000079000200890022104A8FEF7DDF908B167
:1047B000FCF79FFF02200090800302906846FEF7FE
:1047C0003BF908B1FCF795FF13B000BD704700003E
:1047D00010B50248FEF7B3FD10BD00001817002009
:1047E00010B502681C4B984208D0B0F1804F05D03C
:1047F0001A4B984202D01A4B984203D122F0700211
:104800004B681A43144B984208D0B0F1804F05D042
:10481000124B984202D0124B984203D122F44072BC
:10482000CB681A4322F080034C6943EA0402026019
:104830008B68C3620B688362074B984201D10B6996
:10484000036301234361036903F001031BB103699F
:1048500023F00103036110BD002C0140000400405F
:104860000008004070B506460025746A206840695B
:10487000C0F3C01594F84100212805D125B10020CE
:10488000E084204600F0B8F820684069C0F3801545
:1048900094F84200222805D125B10020E085204669
:1048A00000F074F8606C40F0100060642046FEF781
:1048B00052FE70BD70B505466C6A2868006800F04D
:1048C0002000002842D1E08500BF00BF21680C31E4
:1048D00051E8001F21F4807021680C3141E800028A
:1048E000002AF3D100BF00BF00BF2168143151E896
:1048F000001F21F001002168143141E80002002A64
:10490000F3D100BF00BF00BF2168143151E8001F80
:1049100021F040002168143141E80002002AF3D15F
:1049200000BF202084F84200206B01280ED100BF78
:1049300000BF21680C3151E8001F21F010002168F0
:104940000C3141E80002002AF3D100BF002060636F
:10495000206B012804D1A18D2046FEF7B6FD02E0B0
:104960002046FEF7CFFE70BD70B505466C6A01208B
:104970006063206B012805D1A08D41082046FEF719
:10498000A4FD02E02046FEF7BEFE70BD00BF00BFE2
:1049900002680C3252E8002F22F4907102680C3247
:1049A00042E80013002BF3D100BF00BF00BF026834
:1049B000143252E8002F22F001010268143242E85A
:1049C0000013002BF3D100BF016B01290ED100BFF2
:1049D00000BF02680C3252E8002F22F0100102687A
:1049E0000C3242E80013002BF3D100BF202180F8E5
:1049F000421000210163704700BF00BF02680C3203
:104A000052E8002F22F0C00102680C3242E8001385
:104A1000002BF3D100BF202180F841107047000027
:104A200070B504462168096921F44051E2681143D8
:104A3000226811612269A1681143626941EA020595
:104A40002168C96841F20C62914329432268D16010
:104A50002168496921F44071A269114322685161BA
:104A60002D4A2168914202D1FEF77CF901E0FEF760
:104A700069F900EBC00101EB001162689200B1FB23
:104A8000F2F100EBC00202EB001263689B00B2FB84
:104A9000F3F26423B2FBF3F202EBC20303EB021264
:104AA000A1EB8201322202EB01116422B1FBF2F18F
:104AB00001F0F00100EBC00202EB001263689B0002
:104AC000B2FBF3F26423B2FBF3F201EB021200EB50
:104AD000C00101EB001163689B00B1FBF3F100EB37
:104AE000C00303EB00136668B600B3FBF6F364265D
:104AF000B3FBF6F303EBC30606EB0313A1EB830151
:104B0000322303EB01116423B1FBF3F101F00F0138
:104B100011442268916070BD0038014077B581B0C2
:104B2000044615460298A062A585002060642220F4
:104B300084F842002848E16B88622848E16BC8622B
:104B40002748E16B08630020E16B486302AE3268DE
:104B50002368191D2B46E06BFDF7E8FB00BF002022
:104B6000009020680068009020684068009000BFB6
:104B700000BF206970B100BF00BF21680C3151E84F
:104B8000001F41F4807021680C3141E80002002AC6
:104B9000F3D100BF00BF00BF2168143151E8001FEE
:104BA00041F001002168143141E80002002AF3D1EC
:104BB00000BF00BF00BF2168143151E8001F41F061
:104BC00040002168143141E80002002AF3D100BFFF
:104BD000002004B070BD0000B54800086949000815
:104BE000654800082DE9F84304460D4617469846E7
:104BF000089E31E0701C70B3FDF798FDA0EB080033
:104C0000B04200D816B90320BDE8F8832068C06818
:104C100000F00400F8B1802D1ED0402D1CD020687B
:104C20000068C0F3C000B0B100BF00200090206851
:104C30000068009020684068009000BF00BF2046D8
:104C4000FFF7A4FE0820606400BF002084F8400045
:104C500000BF0120D8E7FFE7206800682840A8428D
:104C600001D1012000E00020B842C3D00020CBE7F2
:104C700008B5134800680068C0F30010F0B100BF29
:104C8000002000900E480068006800900C48006802
:104C90004068009000BF00BF0948FEF717FC0948B4
:104CA00000684068C0F119000749087001200749F1
:104CB0000870192206490248FEF70EFD08BD0000E3
:104CC00048160020D416002001000020000000201B
:104CD0005013002000BFFEE7490050EAC12018BF72
:104CE00004204A0D18BF40F0010040F2FF72B2EB01
:104CF000515F08BF40F00200012808BF052070473F
:104D000002480068C0F30220704700000CED00E08C
:104D100010B5002804DB0A07130E054A135406E0F9
:104D20000A07140E034A00F00F031B1FD45410BDD2
:104D300000E400E018ED00E030380A2801D201203C
:104D4000704700207047000010B5FEF765FF032094
:104D5000FEF7FAFD0020FEF7DFFD01200249087092
:104D600001F080FB10BD00006600002008B5FFF7D1
:104D7000EBFFE1E10020009001F014F9EF49087029
:104D800008460078EE4909784840EC49097808401F
:104D9000EC490870E9480078E9490870E94800786A
:104DA00000287DD0E848007807287AD2DFE800F0B4
:104DB0000460D6F0F9EDEC00E4480478E1490978A4
:104DC00004290DD10146087800EBD0714910A0EB01
:104DD0004101012904D1DD480078401EDB490870FB
:104DE000D849097805290CD1D849087800EBD07149
:104DF0004910A0EB410121B9D4480078401CD349A7
:104E00000870D0480078072808D1D04800780228D8
:104E100004DBCE480078801ECC490870C948007871
:104E2000062808D1C9480078022804DAC748007863
:104E3000801CC6490870C5480078844203D0C34826
:104E4000007801F033FBBF480078022805D101202B
:104E5000BD490870BE49087009E0BA4800780328C7
:104E600005D10220B84908700120B949087031E124
:104E7000B4480078072816D1B6480078002812DD1B
:104E8000B44804780078401EB2490870084601789A
:104E9000204601F0ADFAAF480078AF49087001E054
:104EA00019E116E100BFA7480078062816D1AB48E3
:104EB0000078401EA749097888420FDDA54804788C
:104EC0000078401CA349087008460178204601F08C
:104ED0008FFAA0480078A049087000BF9948007870
:104EE000032830D19B48007818B9022096490870F1
:104EF00026E098480078012803D1042092490870E0
:104F00001EE094480078022803D103208E490870DF
:104F100016E090480078032803D105208A490870DC
:104F20000EE08C480078042803D1062086490870DA
:104F300006E088480078052802D1002082490870E0
:104F40000120834908707F480078012805D100209E
:104F50007D49087001207E490870BBE079480078DF
:104F6000032806D106207849087001207849087086
:104F700009E074480078012805D1002072490870C2
:104F8000012073490870A5E01DE013E009E0FFE788
:104F90006C480078012803D16B4908706C4908708F
:104FA00098E068480078012803D16749087068498B
:104FB00008708FE063480078012803D162490870C7
:104FC0006349087086E05F480078072813D1644879
:104FD000007800280FDD624804780078401E6049A0
:104FE000087008460178204601F046F95C480078D0
:104FF0005C49087000BF53480078062813D1584810
:10500000007803280FD2564804780078401C544991
:10501000087008460178204601F02EF950480078C3
:105020005049087000BF47480078032817D14C4802
:105030000078032813D14C48007808B9012000E01B
:1050400000204949087046480178007801F014F9B9
:1050500003200090012269461046FFF7ABFA394859
:105060000078012805D1022037490870012038490D
:10507000087034480078032809D13948007830B9DD
:1050800001200090012269461046FFF793FA2D484F
:10509000007803280AD132480078012806D102207E
:1050A0000090012269461046FFF784FA25480078EF
:1050B00003280DD12A480078022809D16420FFF77F
:1050C0001FF804200090012269461046FFF772FA8B
:1050D00000E000BF00BF1C480078022801D101F0A9
:1050E0004FF91B48007818B31748007807281AD2E0
:1050F000DFE800F004070A0D1013160000F072F943
:1051000012E000F0D1F90FE000F020F90CE000F01F
:10511000ABFA09E000F050FA06E000F023FA03E0F1
:1051200000F02AF800E000BF00BF00200849087026
:105130000A2001F005FB00BF1CE6000094000020DF
:1051400095000020960000206400002065000020EB
:10515000660000206A000020690000208400002012
:1051600085000020870000206700002010B504465D
:105170002046FDF729F910BD2DE9F04F8DB0002034
:10518000EF2340F23F1201460090FEF7E9FC0020B9
:10519000102359A2082100906420FFF73BFA14263F
:1051A00028274FF48C784FF0100944F20820009023
:1051B00007EB0900401E83B206EB0800401E82B2D6
:1051C00039463046FEF7CCFC4E48007800FB08F02C
:1051D000642190FBF1F01FFA80FA4FF4FC6000901C
:1051E00007EB0900401E83B206EB0A00401E82B2A4
:1051F00039463046FEF7B4FC4248027842A105A881
:10520000FBF75EF800200C2305AA3E2100907820D1
:10521000FFF700FA00200C233EA25A210090142030
:10522000FFF7F8F9002461E0C4EBC4006E2101EB44
:1052300080053B480078844201D11F2001E044F200
:105240000820834605F1180083B24FF49672294670
:105250001420CDF800B0FEF783FC032C22D20020EE
:105260000090304850F83420A81D81B20C231E2035
:10527000FFF7D0F92B4800EBC40082882AA101A8CF
:10528000FBF71EF8274800EBC400C08827490880B8
:1052900000200090A81D81B20C2301AAB420FFF7C2
:1052A000B9F921E000200090A81D81B20C2320A2B2
:1052B0001E20FFF7AFF92148007810B14FF4784075
:1052C00001E04FF4FC6019490880002000901B4861
:1052D000007808B11AA000E01BA00246A81D81B208
:1052E0000C23B420FFF796F9601CC4B2042C9BD3A6
:1052F0000DB0BDE8F08F0000BFECCBD9B3E4B5E74B
:105300000000000086000020D2D1B3E4B5E72025DC
:1053100064252500B3E4B5E7C4A3CABD00000000BE
:10532000850000204879000825645700E01200201D
:10533000BFAA2FB9D8B3E4B5E7000000670000208A
:105340004F46464F4E0000004F4E000038B500203B
:10535000EF2340F23F1201460090FEF701FC0020CF
:10536000102313A2082100900A20FFF753F91348D5
:10537000007800EB8000124901EB800411481249CB
:1053800008601249086012490860606800F092FEE7
:10539000A06800F03FFEE06800F066FE00200C23ED
:1053A0000CA2822100900A20FFF734F938BD0000DA
:1053B000D7D3D5BECFEAC7E90000000065000020C2
:1053C0006017002000007AC4880000208C000020B4
:1053D00090000020B7B5BBD83A2052455455524EE4
:1053E00000000000F8B50020EF2340F23F12014614
:1053F0000090FEF7B5FB00203B2340F23F12014630
:105400000090FEF7ADFB4FF4FC601F4908800020C0
:1054100010231EA2082100908020FFF7FBF84FF414
:10542000FC601949088000200C231BA22021009059
:105430007820FFF7EFF8002423E0204604EBD0713A
:105440004910A4EB4101C1EB411101EB81010A318B
:105450008DB204EBD471491001EB8101462202EBBD
:1054600001118EB20F480078844201D1012000E082
:105470000020034622463146284600F01FF9601CF2
:10548000C4B2042CD9DBF8BDE0120020D6F7D5BE9B
:10549000D7B4CCAC00000000A1F120D5FDB3A3D45B
:1054A000CBD0D00065000020F8B50020EF2340F2FB
:1054B0003F1201460090FEF753FB002010231DA26F
:1054C000082100900A20FFF7A5F8002424E0C4EB8F
:1054D0000410282101EB400518480078844201D1CE
:1054E0001F2001E044F20820064605F1180083B2AF
:1054F0004FF49672294614200096FEF731FB0020E7
:1055000000900F4850F82420A81D81B20C231E20C3
:10551000FFF780F8601CC4B20A4800788442D6DBEA
:1055200000200A2308A2DC2100901846FFF772F839
:10553000F8BD0000D6F7B2CBB5A500006A00002088
:105540006C00002084000020A1FCA1FDD1A1D4F1B9
:10555000204F4BBDF8C8EB2052455455524EB7B5BD
:10556000BBD8000008B50020EF2340F23F120146EF
:105570000090FEF7F5FA0020102307A20821009002
:105580000A20FFF747F800200C2307A228210090EB
:105590000A20FFF73FF808BDCFB5CDB3BCE0BFD8B8
:1055A00028CABEC0FD290000B7B5BBD83A20524575
:1055B0005455524E0000000008B50020EF2340F281
:1055C0003F1201460090FEF7CBFA0020102307A2FD
:1055D000082100900A20FFF71DF800200C2307A2E5
:1055E000282100900A20FFF715F808BDB9A6C2CA05
:1055F000B9DCC0ED28CABEC0FD290000B7B5BBD8D4
:105600003A2052455455524E000000002DE9F84F03
:1056100004460D4616461F46DDE90A9A44F2082064
:105620000090E819401E83B2A019401E82B229469C
:105630002046FEF795FA09FB06F0642190FBF1F095
:105640001FFA80F8B8F1000F0CDDE819401E83B294
:1056500004EB0800401E82B229462046CDF800A087
:10566000FEF77EFABDE8F88F08B50020EF2340F280
:105670003F1201460090FEF773FA0020102307A2A4
:10568000082100900A20FEF7C5FF00200C2307A286
:10569000282100900A20FEF7BDFF08BDCFB5CDB38D
:1056A000C9E8D6C328CABEC0FD290000B7B5BBD81B
:1056B0003A2052455455524E000000002DE9F04F5B
:1056C00097B005460E4691469A4609EB8900504927
:1056D00001EB8004BAF1000F01D01F2001E044F279
:1056E000082016901698009006F1450083B205F147
:1056F000900082B231462846FEF732FA06F14500A4
:1057000083B205F1900082B231462846FEF7F8F9DF
:1057100009F101023FA112A8FAF7D2FD0020721D83
:1057200091B26A1D009090B20C2312AAFEF772FF8C
:10573000207801280AD1A06801F028FE07463A46E1
:105740000B4637A10AA8FAF7BBFD17E0207848B945
:10575000607C08B136A000E037A001460AA8FAF73D
:10576000AFFD0BE02078022804D135A10AA8FAF792
:10577000A7FD03E034A10AA8FAF7A2FD002006F174
:10578000160291B26A1D009090B20A230AAAFEF78F
:1057900041FF2078012810D1E06801F025FF834601
:1057A000606801F0F3FD07463A460B4628A102A8BF
:1057B000CDF800B0FAF784FD0AE0607C20B127A1A3
:1057C00002A8FAF77DFD03E028A102A8FAF778FD08
:1057D000002006F1260291B26A1D009090B20A23C1
:1057E00002AAFEF717FF207801280ED14FF4FC61C2
:1057F000207C06F13802CDE9000191B205F10A02E0
:1058000090B206237D22FFF701FF17B0BDE8F08FAD
:1058100060170020D7D3D5BE2025303264000000A9
:10582000B3E4B5E7D6D020252E3166410000000054
:10583000BFD5CFD000000000CEB4C1ACBDD30000B6
:10584000B9CAD5CF00000000CDEAB3C900000000FE
:10585000252E316656207C2025645700A1F1B5E73E
:10586000B3D8D2D1C1ACBDD300000000A1F0CEB4FA
:10587000C1ACBDD300000000002001E0411CC8B253
:105880000A28FBDB704702E0052000F059FFFBE728
:105890001CB50648012100238022CDE9001004A197
:1058A000064801F017F900F0F3FF1CBD300000209E
:1058B00073746172745F7461736B0000CD61000872
:1058C000FCF746FFFEF740FFFEF7CCFCFEF794FC2A
:1058D000FEF794FDFEF762FCFEF732FC19220E493A
:1058E0000E48FDF7F9FE0D480068C06840F0100052
:1058F0000A490968C860FDF769FF00224FF400619A
:105900000748FCF70DFFFFF7C3FFFEF797FC00F019
:105910001CF800BFFEE700005013002048160020CE
:105920000008014001460020842901D0CA1C10440F
:10593000704770B5044625460DB1294600E00121A7
:10594000084600F0FDFE002070BD10B500F0A0FF7D
:10595000002010BD7FB504460D46606998B1A0696E
:1059600088B1B4F90800FFF7DDFF0646D4E9051059
:10597000CDE9006102902B462269D4E9001001F0C4
:10598000DBF8039013E0B4F90800FFF7CBFF0646FD
:1059900003A8CDE90060238A9AB22B46D4E900100F
:1059A00001F098F8012802D0002004B070BD0398DF
:1059B000FBE700002DE9F04105460E461C4807684C
:1059C0001C480068001D00F0B5FD50B9194800687A
:1059D00090F82C1001208840174909688143164827
:1059E0000160681C38B936B112480168091D1348B6
:1059F00000F0EBFD1AE07C190E4800684460BC42E0
:105A000007D20C480168091D0D48006800F0C3FD6D
:105A10000CE008480168091D0A48006800F0BBFD59
:105A200009480068844201D207480460BDE8F0815B
:105A3000FC120020E8120020001300209C18002017
:105A4000F0120020EC1200201813002010B50446BC
:105A500000F0C8FD23480068401C22490860224825
:105A6000006840B9204804600846006801280DD14C
:105A700000F03EF90AE01D48006838B91A4800688D
:105A8000C06AE16A884201D8174804601848006873
:105A9000401C1749086094F82C10012088401549D3
:105AA0000968084313490860E16A01EB8101124A61
:105AB00002EB8100211D00F088FD00F0BDFD0B48C8
:105AC000006868B108480068C06AE16A884207D285
:105AD0004FF0805009490860BFF34F8FBFF36F8FBD
:105AE00010BD0000F8120020E8120020041300206E
:105AF0001413002000130020C017002004ED00E064
:105B000010B516E000F06EFD0C48C068C468201D9A
:105B100000F010FD0A480068401E09490860094865
:105B20000068401E0749086000F086FD204600F02E
:105B30000BF8044800680028E4D110BD8818002044
:105B4000F8120020F412002010B5044694F8510019
:105B500030B9206B00F08EFD204600F08BFD1AE07E
:105B600094F85100012803D1204600F083FD12E093
:105B700094F85100022801D1012000E0002050B922
:105B800000BF502080F31188BFF34F8FBFF36F8F9A
:105B900000BF00BFFEE710BD30B54FF440631748AB
:105BA00000F007042CB1C01D20F00700134C041BAB
:105BB0001B1B0246124C22600024114D6C60D01851
:105BC000083820F007000F4C206000240D4D2D6890
:105BD0006C600C4D2D682C601146441A4C60094CC9
:105BE00024680C60084D4C682C60084D4C682C6093
:105BF0004FF00044064D2C6030BD0000B01800206E
:105C0000241300202C130020341300203013002014
:105C10004013002000BFFFF773FF0648006801280B
:105C2000F9D94FF0805004490860BFF34F8FBFF39C
:105C30006F8FF0E7C017002004ED00E02DE9FF5F53
:105C400081460E469246DDE90E7B109CAAF10100CA
:105C5000216B01EB800828F0070808F0070008B95D
:105C6000012000E0002050B900BF502080F31188CF
:105C7000BFF34F8FBFF36F8F00BF00BFFEE786B14A
:105C8000002507E0715D04F134004155705D00B9F5
:105C900002E06D1C102DF5D300BF002143200155FB
:105CA00002E0002084F83400072F00D30627E762C3
:105CB00067640020A064201D00F06AFC04F1180055
:105CC00000F066FC2461C7F10700A0616462002057
:105CD000E06484F8500049464046039A00F050F9C9
:105CE0002060BBF1000F01D0CBF80040BDE8FF9F62
:105CF00010B5002407E004EB84010F4A02EB810099
:105D000000F039FC641C072CF5D30C4800F033FC80
:105D10000B4800F030FC0B4800F02DFC0A4800F066
:105D20002AFC0A4800F027FC044809490860044896
:105D30000849086010BD0000C01700204C18002062
:105D40006018002074180020881800209C1800207B
:105D5000EC120020F012002010B50146164800E0B9
:105D6000006803688B42FBD30246436813448B42AE
:105D700004D143684C682344436001460A464B689B
:105D800013440468A34211D10C4C03682468A34255
:105D900008D04B680468646823444B6003681B6840
:105DA0000B6005E0054B1B680B6001E003680B60AE
:105DB000884200D0016010BD241300202C13002065
:105DC0000A490968096809B9012100E0002121B1E7
:105DD0004FF0FF31064A116006E004490968C968BE
:105DE000C868034A4168116070470000EC12002047
:105DF000181300200E480068401C08B9012000E07C
:105E0000002050B900BF502080F31188BFF34F8F9E
:105E1000BFF36F8F00BF00BFFEE700BF502080F3CD
:105E20001188BFF34F8FBFF36F8F00BF00BFFEE736
:105E3000441300202DE9F04104464FF0000800F023
:105E40007FFD4948006808B9FFF7A6FE474800688B
:105E50002040002870D1D4B1083404F00700B0B15C
:105E600004F00700C0F10800044404F0070008B97A
:105E7000012000E0002050B900BF502080F31188BD
:105E8000BFF34F8FBFF36F8F00BF00BFFEE7002C43
:105E900052D03748006884424ED8364E30460568A6
:105EA00001E02E462D686868A04202D228680028CA
:105EB000F7D12D48006885423ED0306800F10808CF
:105EC000286830606868001B102819D92F1907F05E
:105ED000070008B9012000E0002050B900BF5020A1
:105EE00080F31188BFF34F8FBFF36F8F00BF00BFE8
:105EF000FEE76868001B78606C603846FFF72CFF8F
:105F00001B4968680968081A19490860084600684A
:105F100019490968884203D2154800681649086083
:105F200012496868096808436860002028601348BF
:105F30000068401C1149086000F008FF08F00700E5
:105F400008B9012000E0002050B900BF502080F3C4
:105F50001188BFF34F8FBFF36F8F00BF00BFFEE705
:105F60004046BDE8F08100002C13002040130020C3
:105F70003013002024130020341300203813002095
:105F8000001F4FF080730360001F21F001030360C6
:105F9000001F034B03601438026020387047000074
:105FA000F55D000810B5002408211848FCF7B0FB87
:105FB00008B9072428E004211548FCF7A9FB08B913
:105FC000022421E008211248FCF7A2FB08B90324AF
:105FD0001AE040210E48FCF79BFB08B9052413E0AA
:105FE00080210B48FCF794FB08B906240CE0102133
:105FF0000748FCF78DFB08B9042405E0012104489B
:10600000FCF786FB00B90124204610BD000C0140BE
:106010000010014070B58AB004460020522340F2BF
:106020003F1241210090FDF79BFD204601F0AEF9A3
:1060300005462A460B4607A102A8FAF741F90020B7
:106040000C2302AA412100900A20FEF7E3FA0AB0CD
:1060500070BD0000CAE4B3F6B5E7C1F73A20252EBB
:10606000326620410000000030B589B004460020AF
:106070006B2340F23F125A210090FDF771FD20463C
:1060800001F0B2FA05462A4606A101A8FAF718F966
:1060900000200C2301AA5A2100900A20FEF7BAFA28
:1060A00009B030BDCAE4B3F6B9A6C2CA3A20256425
:1060B0002057000070B58AB004460020392340F212
:1060C0003F1228210090FDF74BFD204601F05EF9BC
:1060D00005462A460B4607A102A8FAF7F1F8002068
:1060E0000C2302AA282100900A20FEF793FA0AB096
:1060F00070BD0000CAE4B3F6B5E7D1B93A20252E49
:10610000326620560000000000BF49E00020FBF787
:1061100075FC244908800820FBF770FC22490880A0
:106120000120FBF78DFC214908800846008801F01A
:1061300097FA83461E4901F061F9824601F026F97B
:1061400080464FF066321B4B01F022F806461A4A91
:106150001A4B00F0C5FE044600F090FE1849086096
:106160001148008801F07CFA8346114901F046F994
:10617000824601F00BF906464FF066320D4B01F0F6
:1061800007F8044600220F4B01F002F8804600F0A9
:1061900075FE0D490860FEF773F90A2000F0D0FA89
:1061A000B4E7000044000020480000204600002022
:1061B00000F07F4566660A400AD7A3703D0AB73FE4
:1061C0004C00002000005940500000201CB504463F
:1061D00000BF00F007FA1448032100238022CDE914
:1061E000001012A1154800F075FC1549086015480B
:1061F000032100238022CDE9001013A1154800F0EF
:1062000069FC15490860002002210346CA01CDE956
:10621000001012A1164800F05DFC00F00DFA1548C0
:10622000006800F0BBFA1CBD340000206C765F648F
:10623000656D6F5F7461736B000000008758000824
:106240003C0000203800002072733438355F7461E0
:10625000736B0000096100084000002063686172F0
:1062600067696E675F75695F7461736B000000003A
:106270006D4D0008300000202DE9F04186B0074642
:106280000E46002464E0BC4201D0B4425ED1C4EBAF
:10629000C4006E2101EB8005B44201D11F2001E052
:1062A00044F20820804605F1180083B24FF496723C
:1062B00029461420CDF80080FDF752FC032C22D291
:1062C00000200090254850F83420A81D81B20C23EE
:1062D0001E20FEF79FF9214800EBC400828820A110
:1062E00002A8F9F7EDFF1D4800EBC400C0881D4966
:1062F000088000200090A81D81B20C2302AAB420BF
:10630000FEF788F921E000200090A81D81B20C233F
:1063100015A21E20FEF77EF91648007810B14FF442
:10632000784001E04FF4FC600E49088000200090A6
:106330001048007808B110A000E010A00246A81D87
:1063400081B20C23B420FEF765F900BF601CC4B213
:10635000042C98D306B0BDE8F0810000487900080D
:1063600025645700E0120020BFAA2FB9D8B3E4B5C6
:10637000E7000000670000204F4646004F4E000037
:1063800010B51648007800EB8000154901EB800439
:1063900014496068096801F0F3F805D06068FFF7F8
:1063A00089FE1049606808600F49A068096801F01B
:1063B000E7F805D0A068FFF72DFE0B49A06808603C
:1063C0000A49E068096801F0DBF805D0E068FFF7EA
:1063D0004BFE0649E068086010BD00006500002023
:1063E00060170020880000208C0000209000002012
:1063F0002DE9F84307460D46002428E0BC4201D0B1
:10640000AC4222D1C4EB0410282101EB4006AC427F
:1064100001D11F2001E044F20820804606F1180057
:1064200083B24FF4967231461420CDF80080FDF708
:1064300097FB00200090094850F82420B01D81B23D
:106440000C231E20FEF7E6F800BF601CC4B204480F
:1064500000788442D2DBBDE8F88300006C000020A5
:106460008400002010B500200E490880002415E0AB
:1064700004EB84000C4911F8200001280CD104EB36
:106480008401094A02EB8101C86801F0C9F8054995
:106490000988084403490880601CC4B2042CE7DB67
:1064A00010BD000062000020601700202DE9F041BF
:1064B00004461F49087800EBD0714910A0EB410158
:1064C000C1EB411101EB81010A318DB21849087805
:1064D00000EBD071491001EB8101462202EB01165D
:1064E00000231348027831462846FFF7E7F8204694
:1064F00004EBD0714910A4EB4101C1EB411101EB58
:1065000081010A318FB204EBD471491001EB810192
:10651000462202EB01111FFA81F80123224641466F
:106520003846FFF7CBF802480470BDE8F081000060
:106530006800002001460A69D1E901309860D1E97C
:10654000010358605068884201D18868506000207B
:1065500008611068401E106010687047034B0360AC
:10656000034B0B60802313607047000094130020DE
:10657000E8130020704700F1080141604FF0FF313F
:10658000816000F10801C160016100210160704774
:1065900000210161704710B502460B685C1C0CB904
:1065A000106907E002F1080000E0406844682468D0
:1065B0009C42FAD944684C604C68A1608860416094
:1065C0000A611468641C146010BD42684A609368D4
:1065D0008B60936859609160086103685B1C03607D
:1065E0007047000000BF502080F31188BFF34F8F29
:1065F000BFF36F8F00BF0E480068401C0C49086055
:1066000008460068012812D10A480068C0B208B9DB
:10661000012000E0002050B900BF502080F3118815
:10662000BFF34F8FBFF36F8F00BF00BFFEE7704710
:106630004413002004ED00E00D48006850B900BF8D
:10664000502080F31188BFF34F8FBFF36F8F00BFCF
:1066500000BFFEE706480068401E0549086008467E
:10666000006820B9002080F3118800BF00BF704788
:106670004413002070B506463546002E44D0083D30
:106680002C46224960680968084008B1012000E0F2
:10669000002050B900BF502080F31188BFF34F8F06
:1066A000BFF36F8F00BF00BFFEE7206808B901206D
:1066B00000E0002050B900BF502080F31188BFF3E4
:1066C0004F8FBFF36F8F00BF00BFFEE70F496068B9
:1066D00009680840C0B12068B0B90C496068096811
:1066E0008843606000F02CF9094960680968084433
:1066F000074908602046FFF72FFB06480068401C4A
:106700000449086000F022FB70BD00004013002027
:10671000301300203C13002000204FF0E0210861DE
:106720008861064800684FF47A71B0FBF1F0401EB2
:106730004FF0E02148610720086170471C000020ED
:1067400070B504460025D4B11248006808B901208C
:1067500000E0002050B900BF502080F31188BFF343
:106760004F8FBFF36F8F00BF00BFFEE700F0E8F868
:1067700000212046FFF71EF900F0E8FA05463DB972
:106780004FF0805004490860BFF34F8FBFF36F8F05
:1067900070BD00002013002004ED00E070B5054638
:1067A000FFF720FF15B93048006800E0284604468E
:1067B000201DFFF7BFFE78B9E06A00EB80002B498F
:1067C00051F8200040B994F82C1001208840284945
:1067D0000968814326480160A06A18B104F11800D5
:1067E000FFF7A8FE23480068401C224908601E48A5
:1067F0000068844209D1211D1F48FFF7E6FE1F48AB
:106800000068401C1D49086009E01D480068401EE2
:106810001B4908602046FFF797F9FFF7D1FAFFF709
:106820000BFF18480068E8B10F480068844219D18E
:106830001548006808B9012000E0002050B900BFE9
:10684000502080F31188BFF34F8FBFF36F8F00BFCD
:1068500000BFFEE74FF080500C490860BFF34F8F38
:10686000BFF36F8F70BD0000E8120020C01700203A
:10687000001300201413002088180020F4120020B8
:10688000F8120020041300202013002004ED00E083
:1068900010B586B000200590049003AA04A905A8AD
:1068A000FFF75CFE0022DDE904101346CDE900216C
:1068B00002901CA11D48039A00F03EF91C49086093
:1068C0000846006808B1012400E00024012C15D11D
:1068D00000BF502080F31188BFF34F8FBFF36F8F3D
:1068E00000BF4FF0FF3013490860012012490860D3
:1068F00000201249086000F071F810E0601C08B137
:10690000012000E0002050B900BF502080F3118822
:10691000BFF34F8FBFF36F8F00BF00BFFEE706B01E
:1069200010BD000049444C4500000000155C000803
:106930001C1300201813002004130020FC12002058
:1069400002480068401C014908607047201300207D
:106950001D48006818B101201C49086032E0002081
:106960001A4908601A480068B0FA80F0C0F11F01A7
:1069700001EB8100174A52F8200008B1012000E025
:10698000002050B900BF502080F31188BFF34F8F13
:10699000BFF36F8F00BF00BFFEE701EB81020D4B1D
:1069A00003EB820042685268426000F108024368CB
:1069B000934202D14268526842604268D268064BF4
:1069C0001A6000BF70470000201300200C13002045
:1069D00000130020C0170020E81200201CB5384921
:1069E000084600780190FF200A461070084600789B
:1069F00000909DF8000000F0F0009DF8002090420B
:106A000001D1012000E0002050B900BF502080F3E8
:106A10001188BFF34F8FBFF36F8F00BF00BFFEE73A
:106A20009DF8000000F05000264A10700720264A0A
:106A3000106009E024480068401E234A10609DF859
:106A400000004006000E00909DF8000000F080005D
:106A50008028EFD01C480068C0F10700042801D14D
:106A6000012000E0002050B900BF502080F31188C1
:106A7000BFF34F8FBFF36F8F00BF00BFFEE7124819
:106A800000680002104A10601046008800F4E060C0
:106A900010600B4A019810700C48006840F47000B8
:106AA0000A4908600846006840F070400860FFF737
:106AB00033FE002006490860F9F7A8FB00201CBD42
:106AC00000E400E0481300204C13002020ED00E01B
:106AD000441300202DE9FF4F85B0804689461746B4
:106AE000DDE912ABB800FFF7A5F9064656B1542010
:106AF000FFF7A0F904460CB1266304E03046FFF727
:106B0000B9FD00E000248CB1002084F85100CDE9EB
:106B100000ABCDE902403A4649464046089BFFF7A4
:106B20008DF82046FEF792FF012501E04FF0FF357A
:106B3000284609B0BDE8F08F2DE9F04F85B0074633
:106B4000884691469A46DDE90EB6109C0EB10120AA
:106B500000E0002050B900BF502080F31188BFF33F
:106B60004F8FBFF36F8F00BF00BFFEE70CB1012056
:106B700000E0002050B900BF502080F31188BFF31F
:106B80004F8FBFF36F8F00BF00BFFEE7542003900D
:106B90000398542801D1012000E0002050B900BF23
:106BA000502080F31188BFF34F8FBFF36F8F00BF6A
:106BB00000BFFEE700BFB4B1AEB125462C462E6340
:106BC000022085F85100002004A953464A46CDE929
:106BD00000B1CDE9025041463846FFF72FF828466C
:106BE000FEF734FF01E000200490049805B0BDE8F2
:106BF000F08F00002DE9F0414FF000084848006890
:106C000000287DD147480068451C4648056015BBF3
:106C100045480068006808B9012000E0002050B92C
:106C200000BF502080F31188BFF34F8FBFF36F8FE9
:106C300000BF00BFFEE73C4807683C4800683A498F
:106C400008603A4807603A480068401C38490860C4
:106C5000FFF7B6F800BF3748006885423CD300BF55
:106C600031480068006808B9012000E0002020B128
:106C70004FF0FF302F4908602DE02B480068C068B6
:106C8000C4686668B54202D22A48066023E0201D27
:106C9000FFF750FCA06A18B104F11800FFF74AFC96
:106CA00094F82C10012088402349096808432249A0
:106CB0000860E16A01EB8101204A02EB8100211D9D
:106CC000FFF783FC1E49E06A0968C96A8842C7D396
:106CD0004FF00108C4E700BF19480068C06A00EB24
:106CE0008000164951F82000012801D94FF0010811
:106CF0001448006808B9FFF73DFC1348006800E03D
:106D000003E008B14FF0010806E00E480068401C9F
:106D10000C490860FFF72EFC4046BDE8F0810000FA
:106D200020130020FC120020EC120020F0120020A2
:106D3000101300201813002000130020C01700209B
:106D4000E8120020081300200C13002070B5002466
:106D500000263648006850B900BF502080F31188E3
:106D6000BFF34F8FBFF36F8F00BF00BFFEE7FFF78A
:106D700039FC2E480068401E2C490860084600680F
:106D800000284FD12A48006800284BD024E0294829
:106D9000C068C46804F11800FFF7CCFB201DFFF7A2
:106DA000C9FB94F82C100120884023490968084346
:106DB00021490860E16A01EB8101204A02EB810070
:106DC000211DFFF702FC1E49E06A0968C96A884272
:106DD00002D301201B4908601648006808B9012049
:106DE00000E000200028D2D00CB1FEF7E9FF1648E1
:106DF000056865B100BFFFF7FDFE10B10120114924
:106E000008606D1E002DF6D100200F4908600D4866
:106E1000006838B1012630070C490860BFF34F8F76
:106E2000BFF36F8FFFF708FC304670BD20130020C2
:106E3000F81200207418002000130020C017002052
:106E4000E81200200C1300200813002004ED00E0DD
:106E500010B500290AD00878002807D005487844E2
:106E6000F9F7E0FB002801D0002010BD024878446B
:106E700010BD0000FA230000F223000021F00042C0
:106E8000A2F16052B2F5801F01F0004328BFD2F199
:106E90007F6C0BD95FEA001C43EAC20242EB5070E0
:106EA00018BF704728BF20F001007047B2F5801F5F
:106EB000BCBF184670474FEA410C1CF5001F02D2B8
:106EC000084600F0DCBC70B500F00CFA0000008948
:106ED000FFF7F6BF4FF00040A0F5800070470000BC
:106EE0002DE9C04130B4DFF8A0C23CEA111418BF4C
:106EF0003CEA131400F0EC8081EA03051CEA11144B
:106F000044EAD57418BF1CEA131500F0C780A4EB3F
:106F100005044FF0004545EAC12145EAC32341EA93
:106F2000505143EA525304F17F74994204F50034FE
:106F30004FEAC0204FEAC22208BF904200F09C8076
:106F40004FEA13650FF24016765D4FEA134506FBD4
:106F500005F7C7F1807706FB07F74FEAD737A7FB9E
:106F600003687642C8F58038A7FB06CE38BFA8F183
:106F7000010807FB08E64FF0000EA6FB028CE6FBBB
:106F800003CEDCF1000CCEF1004E38BFAEF1010EA5
:106F9000A6FB0C584FF000074FF00005E6FB0E87EC
:106FA000A1FB08C6A0FB07CE16EB0E0645F10005B7
:106FB000E1FB076515F1E04E7EBFA4F580345FEA82
:106FC00046066D4116F1800745F100054FEA172787
:106FD0004FEA066647EA0567A6F1DE46B6F1805F2E
:106FE0004FEA15251FD9384624F0010C05EBC47172
:106FF000BCF1FE6F01EB0C1102D8F0BCBDE80081C2
:1070000024425CBF01F5801E9EEAC47F02D4F0BC1E
:10701000BDE80081244238D4F0BCA1F1C041BDE8F4
:10702000004100F0ADB94FEAD22242EA43524FEAA2
:10703000D323A7FB02864FEAD02040EA415007FB4A
:1070400003661EEA0E0F4FEAD12105FB026658BF08
:10705000A6EB0056B6EB00564FEA520E4EEAC37E40
:1070600018EB0E0E56EB530EBDD518EB02085E4121
:107070007F1C55F10005B6E74FF480154FF000076F
:107080004FF000064FF00008ADE7F0BC4FF00000F5
:1070900001F1C04101F00041BDE8008111EA0C1F7F
:1070A0000CEA131500D00CE013EA0C1F00F0258049
:1070B0004FF00000F0BC81EA030101F00041BDE89F
:1070C0000081F0BCBDE8004181EA030100F058B93D
:1070D000F0BCBDE8004170B500F004F9097EFC3E4B
:1070E00000F007B881EA03014FF0000001F0004111
:1070F000704781EA030100F043B9F0BCBDE80041EC
:107100004FF0000021497047FFFDFBF9F7F5F4F25D
:10711000F0EEEDEBE9E8E6E4E3E1E0DEDDDBDAD832
:10712000D7D5D4D3D1D0CFCDCCCBCAC8C7C6C5C490
:10713000C2C1C0BFBEBDBCBBBAB9B8B7B6B5B4B3A7
:10714000B2B1B0AFAEADACABAAA9A8A8A7A6A5A492
:10715000A3A3A2A1A09F9F9E9D9C9C9B9A99999856
:107160009797969595949393929191908F8F8E8EF9
:107170008D8C8C8B8B8A8989888887878685858486
:1071800084838382828181800000FF070000F87F72
:10719000DFF848C170B51CEA111E1EBF1CEA1315AA
:1071A0009EEA0C0F95EA0C0F00F06F8081EA030451
:1071B00023EA4C134EEAD47E21EA4C1141F48011AB
:1071C00043F48013AE44A1FB024CA0FB0365AEF177
:1071D0007F7E361955EB0C05A1FB034C4CF10003E7
:1071E000A0FB021C16EB0C06654153F1000309429B
:1071F00018BF46F0010613F4007F0BD14FEA0331AC
:107200004FEA0530340341EA155140EA16506FF059
:1072100003020AE04FEAC3214FEAC520F40241EA23
:10722000555140EA56506FF0020202EB2E4201EB3C
:10723000025585EACE710AD05FEA440C18BF24F0EB
:10724000004450F1000041F1000120EAD47040F206
:10725000FE7C624500D270BDA84214BF4FF080444E
:107260004FF04044002E08BF0024BEF1806FA8BF3D
:10727000A1F1C041BDE8704080F282804FF0000073
:1072800001F1C04101F0004170479EEA0C0F0CEA89
:10729000131518BF95EA0C0F06D04FF0000081EAD5
:1072A000030E0EF0004170BD00F01CF88900013E95
:1072B00000F007B800F009B84FEA430C5FEA5C5CE5
:1072C00008D081EA030100F05BB84FEA410C5FEAA5
:1072D0005C5CF6D14FF00000014970470000FF07E9
:1072E0000000F87F0EF1020E2EF0030E5EF8046B24
:1072F000364205D4012A43EB030515F5001F12D8C9
:10730000012841EB010C1CF5001F0CD80ED14FEAEF
:10731000D17C15F5001F0CEB4C0C0CF1020C08BFD6
:107320004CEBD37C04E04FF0080C01E04FEAD37C37
:107330000CEB4C0526FA05F606F00706B6F1040C30
:1073400006D20EEB860CBDE870404CF0010C604795
:10735000DFE80CF0090B02024FF000414FF0000093
:10736000A1F5002170BD19461046012851EB01041A
:1073700018BFD4F5001484BF002001F0004170BD97
:107380000808A0F500114FEA3101704743004FEAA9
:10739000D30C4FEA3C0C43401FBF40070CF1605137
:1073A00013F0FE4F70471CF0006F03D100200CF06B
:1073B000004170470CF0004343EA507010B540EABA
:1073C000CC0000F016FA00BF000000924FEA000166
:1073D000FFF7D6BF4FF000414FF00000A1F50021AC
:1073E0007047401058BFC0F14040491058BFC1F12C
:1073F00040418142EFF30080704700004FF47F0C62
:107400001CEAD0121EBF1CEAD11392EA0C0F93EAB9
:107410000C0F00F0858090EA010F48BF42F48072A3
:1074200040F4000C41F400002CF07F4120F07F403C
:1074300000B58142A2EB03020FF2081CACEB504EE8
:10744000C0F100009EF800E04FEA4E0E00FB0EFC7B
:1074500038BF49004FEA2C1C02F5FA020CFB0EF370
:107460004FEACE1E4FEA112C4FEAC1210EEB635EAC
:1074700042EB22420EFB0CFC4FEA1C5300FB0311B3
:107480004FEA112C4FEA01310EFB0CFC4FEADC4CA9
:1074900000FB0C11C14228BF09184CEB03335DF807
:1074A00004EB10EB410143EBC250B2F57C0F38BF47
:1074B000704729D512F0F00F1CBF00F1C04000F05A
:1074C00000407047008182838485868788898B8C01
:1074D0008D8E8F919293959697999A9C9D9FA0A23D
:1074E000A3A5A7A8AAACAEB0B2B3B5B7B9BCBEC08D
:1074F000C2C5C7C9CCCED1D4D7D9DCDFE2E6E9EC2E
:10750000F0F3F7FAFE0000004FEA400C0CF1807C2B
:10751000BCF17E4F28BF7047B0F1C04000F0AFB95A
:1075200090EA010F0CEAD11348BF42F48072624521
:1075300038BF634507D213F47F0F16D080EA0100ED
:1075400000F00040704710B500F053F9097EFC3E92
:1075500000F005B880EA010000F00040704780EAC2
:10756000010000F0004000F08AB912F47F0F04BF60
:107570000248704780EA010000F081B90000C07F36
:1075800050EA010C00F113801CF5000F58BFBCF548
:10759000000F01D48842704707D710F5000F58BF7D
:1075A00011F5000F15D488427047894270471CF5C9
:1075B000000F04D5BCF5000FF7D5814270474FF09E
:1075C000807C1CEB400F38BF1CEB410F01D2814285
:1075D000704710B500F00DF9922449004FF00050AB
:1075E0004FF08051FFF7FDBE41000B0ED3F19E021C
:1075F00008D950F400034FEA032323FA02F048BFEE
:107600004042704710B500F0F4F800BF4992248062
:10761000002070476FF0004282EA200070470000AF
:10762000C10DD1F19E0206DB4FEA002343F0004377
:1076300023FA02F07047004207D54FEA4001B1F14A
:10764000FE4F02D24FF00000704710B500F0D1F8A5
:1076500049922480002070476FEA200070470000A4
:10766000B0FA80F310FA03F2C3F19D030AD0D905F2
:1076700001EB1220530638BF704700F1010008BF2C
:1076800020F001007047000050EA010C00F1138067
:107690001CF5000F58BFBCF5000F01D4884270479D
:1076A00007D710F5000F58BF11F5000F15D4884209
:1076B0007047894270471CF5000F04D5BCF5000FD8
:1076C000F7D5814270474FF0807C1CEB400F38BFEC
:1076D0001CEB410F01D28142704710B500F089F8D0
:1076E000922449004FF000504FF08051FFF779BECF
:1076F0004FF47F0C1CEAD0121EBF1CEAD11392EA91
:107700000C0F93EA0C0F00F0478090EA010F48BF7E
:1077100042F480724FF0004C4CEA00204CEA012108
:1077200002EB0302A0FB0113A2F50002002918BF1F
:1077300043F001035B0028BF4FEA330342EB2242D0
:107740005FEA132C4CEBC2502EBFBCEB436FB2F57B
:107750007C0F70474FEA036CBCF1004F08BF20F06C
:107760000100B2F57C0F38BF70470BD582F0FF02E5
:1077700012F5803FC8BF704700F1C040D8BF00F08D
:107780000040704700F5000C5FEA4C0C48BF7047A2
:10779000B0F1C04000F073B890EA010F0CEAD113C9
:1077A00048BF42F48072624538BF634504D280EA24
:1077B000010000F00040704710B500F01AF800BF5B
:1077C0008900013E00F007B800F009B85FEA410CFB
:1077D0005FEA1C6C08D080EA010000F050B85FEA54
:1077E000400C5FEA1C6CF6D14FF00040A0F5800021
:1077F00070470EF1020E2EF0030E5EF8044B244289
:1078000004D44FEA4102B2F17F4F11D84FEA40034E
:10781000B3F17F4F0CD80ED14FEAD07CB2F17F4F3D
:107820000CEB4C0C0CF1020C08BF4CEBD17C04E0CF
:107830004FF0080C01E04FEAD17C0CEB4C0324FA2A
:1078400003F404F00704B4F1040C06D20EEB840C2C
:10785000BDE810404CF0010C6047DFE80CF0070871
:1078600002024FF00040A0F5800010BD0846420023
:1078700018BFD2F1807288BF00F0004010BDFF2118
:1078800041EAD050C005704751EA000C00F1138066
:107890001CF5000F58BFBCF5000F01D481427047A2
:1078A00007D711F5000F58BF10F5000F15D481420E
:1078B0007047894270471CF5000F04D5BCF5000FD6
:1078C000F7D5884270474FF0807C1CEB410F38BFE2
:1078D0001CEB400F01D28842704780EA010081EA28
:1078E000000180EA0100FFF7F8BEF9F710B80000C8
:1078F000C8910008094700080000000000000000CF
:1079000080000000000000000000000002030405E9
:10791000060708090A0B0C0D0E0F101001020203D6
:107920000405060708090A0B0C0D0E0F10100102C2
:10793000000000000000000001020304060708091F
:107940000000000001020304089200081900E0078B
:10795000149200085A0000F8EC9100081E0020FD67
:107960000000000000000000000000000000000017
:107970003F400000000000000000300040003000E8
:107980004000000009000BC03D000BC03D00090095
:1079900018C024407FE0224031800000180024C03D
:1079A0001B000D803240018003801C4027401C805A
:1079B00007400040100060000000000000000000D0
:1079C0000000000000001F802040402000004020F8
:1079D00020401F8000000000090006001F800600F4
:1079E00009000000040004003F80040004000000BF
:1079F000001000600000000000000000040004000F
:107A0000040004000400000000000040000000002A
:107A100000000000002001C0060038004000000007
:107A20001F802040204020401F80000000001040A8
:107A30003FC000400000000018C021402240244008
:107A40001840000010802040244024401B8000008B
:107A500002000D0011003FC0014000003C802440A6
:107A600024402440238000001F80244024403440D0
:107A7000038000003000200027C0380020000000F4
:107A80001B802440244024401B8000001C0022C096
:107A9000224022401F80000000000000084000003B
:107AA0000000000000000000046000000000000072
:107AB000000004000A001100208040400900090075
:107AC000090009000900000000004040208011006A
:107AD0000A000400180020002340240018000000C1
:107AE0001F802040274029401F400000004007C061
:107AF00039000F0001C0004020403FC02440244016
:107B00001B8000001F80204020402040308000006B
:107B100020403FC0204020401F80000020403FC048
:107B200024402E4030C0000020403FC024402E00A2
:107B3000300000000F0010802040224033800200FF
:107B400020403FC0040004003FC0204020402040AF
:107B50003FC02040204000000060202020203FC087
:107B60002000200020403FC024400B0030C02040B7
:107B700020403FC020400040004000C03FC03C00CB
:107B800003C03C003FC0000020403FC00C40230029
:107B90003FC020001F802040204020401F80000068
:107BA00020403FC024402400180000001F802140D6
:107BB000214020E01FA0000020403FC024402600BC
:107BC00019C0004018C024402440224031800000E9
:107BD000300020403FC020403000000020003F80A7
:107BE000004000403F80200020003E0001C0070010
:107BF00038002000380007C03C0007C038000000F3
:107C0000204039C0060039C0204000002000384024
:107C100007C0384020000000304021C026403840D6
:107C200020C00000000000007FE040204020000055
:107C3000000070000C0003800040000000004020A5
:107C400040207FE0000000000000200040002000F5
:107C500000000000001000100010001000100010C4
:107C60000000000040000000000000000000028052
:107C70000540054003C0004020003FC004400440D0
:107C80000380000000000380044004400640000020
:107C900000000380044024403FC0004000000380F7
:107CA0000540054003400000000004401FC0244080
:107CB00024402000000002E005500550065004203A
:107CC00020403FC00440040003C0004000000440C6
:107CD00027C000400000000000100010041027E042
:107CE0000000000020403FC00140070004C00440E5
:107CF000204020403FC000400040000007C004007A
:107D000007C0040003C00000044007C00440040092
:107D100003C00040000003800440044003800000D2
:107D2000041007F0045004400380000000000380AA
:107D30000440045007F00010044007C00240040053
:107D400004000000000006400540054004C000009B
:107D5000000004001F800440004000000400078071
:107D60000040044007C000400400070004C0018038
:107D700006000400060001C0070001C00600000064
:107D8000044006C0010006C00440000004100710B3
:107D900004E00180060004000000044005C0064025
:107DA000044000000000000004007BE040200000D0
:107DB000000000000000FFF0000000000000402074
:107DC0007BE0040000000000400080004000200034
:107DD0002000400000000000000000000000000043
:107DE000000000000000000000001FCC000C00009C
:107DF00000000000000008003000600008003000B3
:107E000060000000022003FC1E20022003FC1E2054
:107E10000220000000000E1811043FFF10840C78AF
:107E2000000000000F0010840F3800C0077818848D
:107E30000078000000780F8410C411240E9800E42C
:107E400000840008080068007000000000000000C6
:107E50000000000000000000000007E018182004E7
:107E600040020000000040022004181807E0000053
:107E7000000000000240024001800FF0018002403B
:107E8000024000000080008000800FF80080008029
:107E9000008000000001000D000E00000000000046
:107EA0000000000000000080008000800080008052
:107EB000008000800000000C000C000000000000AA
:107EC00000000000000000060018006001800600AD
:107ED00018002000000007F008081004100408082B
:107EE00007F000000000080408041FFC0004000460
:107EF0000000000000000E0C101410241044118427
:107F00000E0C000000000C1810041104110412885B
:107F10000C700000000000E00320042408241FFC73
:107F20000024000000001F98108411041104108820
:107F300010700000000007F0088811041104188870
:107F40000070000000001C00100010FC13001C005A
:107F50001000000000000E381144108410841144F9
:107F60000E38000000000700088C104410440888F8
:107F700007F00000000000000000030C030C0000EC
:107F800000000000000000000001010600000000E9
:107F900000000000000000800140022004100808DA
:107FA00010040000022002200220022002200220F1
:107FB0000220000000001004080804100220014004
:107FC0000080000000000E001200100C106C1080E9
:107FD0000F00000003E00C1813E4142417C4082851
:107FE00007D000000004003C03C41C40074000E42C
:107FF000001C000410041FFC1104110411040E885D
:108000000070000003E00C181004100410041008A5
:108010001C10000010041FFC1004100410040808B9
:1080200007F0000010041FFC1104110417C4100411
:108030000818000010041FFC1104110017C01000E4
:108040000800000003E00C181004100410441C7811
:108050000040000010041FFC108400800080108489
:108060001FFC10040000100410041FFC1004100476
:108070000000000000030001100110011FFE1000AD
:108080001000000010041FFC110403801464181C6D
:108090001004000010041FFC10040004000400047D
:1080A000000C000010041FFC1F0000FC1F001FFC40
:1080B0001004000010041FFC0C04030000E0101862
:1080C0001FFC100007F00808100410041004080832
:1080D00007F0000010041FFC108410801080108036
:1080E0000F00000007F0081810241024101C080AC4
:1080F00007F2000010041FFC1104110011C0113020
:108100000E0C000400000E1C110410841084104496
:108110001C3800001800100010041FFC1004100090
:108120001800000010001FF81004000400041004E0
:108130001FF8100010001E0011E0001C00701380DA
:108140001C0010001FC0103C00E01F0000E0103CAD
:108150001FC000001004180C163401C001C01634F2
:10816000180C100410001C00130400FC13041C0065
:10817000100000000804101C1064108413041C0478
:10818000101800000000000000007FFE40024002C6
:1081900040020000000030000C0003800060001C62
:1081A0000003000000004002400240027FFE000089
:1081B00000000000000000002000400040004000DF
:1081C0002000000000010001000100010001000189
:1081D00000010001000040004000200000000000FD
:1081E0000000000000000098012401440144014403
:1081F00000FC000410001FFC00880104010400883A
:1082000000700000000000700088010401040104F7
:1082100000880000000000700088010401041108BB
:108220001FFC0004000000F8014401440144014423
:1082300000C800000000010401040FFC1104110437
:1082400011001800000000D601290129012901C9E7
:108250000106000010041FFC00840100010001045D
:1082600000FC000400000104190419FC00040004CF
:10827000000000000000000300010101190119FEC7
:108280000000000010041FFC0024004001B4010C99
:10829000010400000000100410041FFC000400048E
:1082A00000000000010401FC0104010001FC0104C4
:1082B000010000FC010401FC008401000100010434
:1082C00000FC0004000000F80104010401040104A2
:1082D00000F80000010101FF00850104010400888D
:1082E0000070000000000070008801040104010516
:1082F00001FF00010104010401FC008401040100EC
:1083000001800000000000CC01240124012401248C
:108310000198000000000100010007F801040104B9
:1083200000000000010001F800040004000401083E
:1083300001FC0004010001800170000C00100160CC
:108340000180010001F0010C003001C00030010C7F
:1083500001F0010000000104018C00740170018C27
:1083600001040000010101810171000E001801608B
:108370000180010000000184010C013401440184EA
:10838000010C0000000000000000000001003EFCA5
:10839000400240020000000000000000FFFF00005B
:1083A000000000000000400240023EFC010000000E
:1083B00000000000000060008000800040004000DD
:1083C000200020000000000000000000000000006D
:1083D000000000000000000000000000000000009D
:1083E000000000000000000000000000000000008D
:1083F000000000000000000F80380FFE380F8038AA
:10840000000000000000000000000000000000006C
:1084100000000100000600000C00003800003100E0
:10842000000600000C0000380000300000000000D2
:108430000000000061800067F807F980006180009B
:1084400061800061800061800067F807F980006149
:108450008000000000000000000001C0E003E0F028
:108460000630080418081FFFFE040E080787F003F3
:1084700081E000000000000001F000060C00040490
:1084800008060C7001F9C0000E00003BE000EC187B
:10849000070808040C180003E00000000001E000D9
:1084A00007F003F818041C0804170807E1D003C0FC
:1084B000E00023B0003C080020080000100000008D
:1084C0000000000100003100003200001C0000002C
:1084D000000000000000000000000000000000009C
:1084E000000000000000000000000000000000008C
:1084F000000000007F0001FFC00780F00C00181092
:108500000004200002000000000000200002100013
:10851000040C00180780F001FFC0007F000000007D
:10852000000000000000000000000000000000004B
:108530004200006600006600003C0000180003FFD7
:10854000C0001800003C0000660000660000420009
:1085500000000000080000080000080000080000FB
:10856000080001FFC0000800000800000800000823
:10857000000008000000000000010000310000328F
:1085800000001C00000000000000000000000000CF
:1085900000000000000000000000000008000008CB
:1085A00000000800000800000800000800000800A3
:1085B00000080000080000080000000000000000A3
:1085C0000000000038000038000038000000000003
:1085D000000000000000000000000000000000009B
:1085E00000000000000600001C0000700001800078
:1085F0000E0000380000C0000700001C0000300022
:1086000000000000000000007F8001FFE003807098
:108610000600180400080400080600180380700112
:10862000FFE0007F8000000000000000000001006B
:108630000801000801000803FFF807FFF800000820
:108640000000080000080000000000000000000119
:10865000C03802C058040098040118040218040429
:1086600018061C1803F81801E0F8000000000000CC
:1086700000000001C0E003C0F00400080408080482
:10868000080806180803F41801E7F00001E00000EC
:1086900000000000000000000300000D00001100B9
:1086A00000610000810803010807FFF80FFFF800D0
:1086B00001080001080000000000000000E007FCC5
:1086C000D006080806100806100806100806183814
:1086D000060FF00607C000000000000000000000C8
:1086E0003F8001FFE00384300208180410080410E2
:1086F00008041008071810030FF00007C00000005E
:1087000000000000000003C0000700000600000693
:1087100000F80607F806180006E00007000006004B
:108720000000000000000001E1E003F7F006341053
:10873000041808041808040C08040C08061618038A
:10874000F3F001C1E000000000000000F80003FCAD
:108750003003063804020804020804020804041066
:108760000308F001FFC0007F0000000000000000CF
:1087700000000000000000000000000070380070E1
:108780003800703800000000000000000000000009
:1087900000000000000000000000000000000000D9
:1087A000301A00301C000000000000000000000033
:1087B000000000000000000000000008000014009D
:1087C00000220000410000808001004002002004DF
:1087D0000010080008000000000000002100002137
:1087E00000002100002100002100002100002100E4
:1087F0000021000021000021000000000000000016
:108800000000080008040010020020010040008061
:108810008000410000220000140000080000000059
:1088200000000003C00004C0000400000800380875
:108830000F380808380810000C300007E00003C0AB
:1088400000000000000000003F8000FFE003807097
:10885000020F1006708804C088048308047F880211
:10886000C09003012000FE40000008000018000135
:10887000F8003E0801C20007020007E20000FE0007
:10888000001FC80001F800003800000804000807B5
:10889000FFF807FFF804080804080804080804089B
:1088A0000806180803F41801E7F00001E0000000D2
:1088B000000000003F8001FFE00380700200180408
:1088C00000080400080400080400100600200780C7
:1088D000C000000004000807FFF807FFF8040008C4
:1088E000040008040008040018020010038070014E
:1088F000FFE0007F8000000004000807FFF807FF8A
:10890000F8040808040808040808040808043E08D5
:1089100004000806001801006000000004000807B9
:10892000FFF807FFF804080804080004080004081A
:1089300000043E0006000006000001800000000068
:10894000000000003F8001FFE00380700600180473
:1089500000080402080402080203F00783F0000282
:108960000000020004000807FFF807FFF8040808E9
:1089700000080000080000080000080004080807BC
:10898000FFF807FFF80400080000000000000400E2
:108990000804000804000807FFF807FFF8040008AF
:1089A00004000804000800000000000000000000AF
:1089B000000600000700000104000104000104009B
:1089C0000307FFFE07FFFC04000004000004000092
:1089D00004000807FFF807FFF8040C08001800005F
:1089E0003E0004C7800503C80600F80400380400F0
:1089F0001800000804000807FFF807FFF804000843
:108A0000000008000008000008000008000008003E
:108A1000001800006000000004000807FFF807804D
:108A20000807FC00007FC00003F80007C0007800C2
:108A300007800807FFF807FFF8040008040008078C
:108A4000FFF807000803C00000E000003800001E27
:108A5000000007000001C00400F007FFF804000058
:108A6000000000007F8001FFE00380700600180412
:108A7000000804000806001803003001FFE0007F32
:108A80008000000004000807FFF807FFF80404084E
:108A9000040400040400040400040400060C0003A1
:108AA000F80001F000000000000000007F8001FFDE
:108AB000E00380700600880400880400C806003CBB
:108AC00003003E01FFE6007F840000000400080769
:108AD000FFF807FFF8040808040800040C00040F5E
:108AE00000040BC00610F003F03801E00800000895
:108AF00000000001E0F803F030063010041808040C
:108B00001808040C08040C080206180207F0078174
:108B1000E0000000018000060000040000040000E6
:108B200004000807FFF807FFF80400080400000429
:108B3000000006000001800004000007FFE007FFBE
:108B4000F0040018000008000008000008000008F9
:108B500000000804001007FFE00400000400000605
:108B6000000007E00007FE00041FE00001F800001D
:108B7000380001E0043E0007C000060000040000C9
:108B800004000007E00007FFC0041FF80007C0074B
:108B9000F80007FF80043FF80007C004F800070052
:108BA0000004000000000004000806001807C07858
:108BB00005F1C8003E00001F800463E80780F80646
:108BC00000180400080000000400000600000780F0
:108BD0000007E008047C08001FF80007F8001808E8
:108BE00004E0080700000600000400000000000187
:108BF00000080600380400F80403E8040F08047CA9
:108C00000805F00807C0080700180400600000000D
:108C10000000000000000000000000000000003F15
:108C2000FFFE20000220000220000220000220009F
:108C30000200000000000000000008000007000023
:108C400000C0000038000006000001C00000300035
:108C5000000E0000010000000000000000002000E5
:108C6000022000022000022000022000023FFFFE3E
:108C700000000000000000000000000000000000F4
:108C8000000000000008000010000030000020007C
:108C9000003000001000000800000000000000008C
:108CA00000000100000100000100000100000100BF
:108CB00000010000010000010000010000010000AF
:108CC0000100000100000000000000000020000082
:108CD0002000001000001000000000000000000054
:108CE00000000000000000000000000000F000197B
:108CF000F8001B1800220800260800240800241091
:108D0000003FF8001FF800000800001800000004F1
:108D1000000007FFF80FFFF00018180010080020EF
:108D200008002008003018001FF0000FC0000000ED
:108D30000000000007C0001FF000183000200800ED
:108D40002008002008003C08001C10000060000003
:108D5000000000000000000007C0001FF0003818ED
:108D600000200800200800200804101007FFF80F5A
:108D7000FFF00000100000000000000000000007ED
:108D8000C0001FF000123000221800220800220844
:108D9000003208001E10000E20000000000000003D
:108DA000200000200800200801FFF803FFF806203B
:108DB0000804200804200807200003000000000029
:108DC00000000000000E000E6E001FF30031B10025
:108DD00020B10020B1003191001F13002E1E002091
:108DE0000E00300000000004000807FFF80FFFF835
:108DF000001008002000002000002008003FF800BC
:108E00001FF8000008000000000000000000002023
:108E100008002008002008063FF8063FF800000878
:108E20000000080000080000000000000000000032
:108E300000000000030000030020010020010020CA
:108E400003063FFE063FFC0000000000000000009B
:108E500000000004000807FFF80FFFF80001880079
:108E60000300002FC00038F8002038002008000060
:108E700008000000000000000000040008040008D2
:108E800004000807FFF80FFFF800000800000800C2
:108E90000008000000000000002008003FF8003F2C
:108EA000F8001008002000003FF8003FF80010080C
:108EB000002000003FF8003FF8000008000000001C
:108EC0002008003FF8003FF80010080010000020C4
:108ED00000002008003FF8001FF800000800000014
:108EE0000000000007C0000FF0001830003008003C
:108EF0002008002008003008001830000FF000079C
:108F0000C0000000000000002001003FFF003FFF04
:108F1000001011002009002008002008003038004F
:108F20001FF0000FC00000000000000007C0001F7D
:108F3000F000381800200800200800200900101157
:108F4000001FFF003FFF000001000000002008009C
:108F50002008002008003FF8003FF8000808001033
:108F60000800200800200000300000300000000051
:108F7000000000000000000C78001E1800330800FC
:108F800023080021080021880021980030F00038D3
:108F90006000000000000000200000200000200011
:108FA00000FFF003FFF80020080020080020080060
:108FB0000030000000000000000000002000003F22
:108FC000F0007FF8000018000008000008002010E2
:108FD000003FF8007FF000001000000000000000DB
:108FE0002000003000003C00003F800023F0000023
:108FF00078000070002380003C000030000020005A
:10900000002000003C00003FE00023F80000E000EA
:109010002700003E00003FE00021F80001E0003E94
:109020000000200000000000200800200800383860
:10903000003E680027800003C8002CF80038380084
:109040002018002008000000000000002000003070
:1090500003003C01003F830023EC000070002380EC
:10906000003C000020000020000000000000000084
:1090700000000038080020380020F80023E8002F06
:1090800088003E080038080020180000700000002A
:1090900000000000000000000000000000000000D0
:1090A00008000014001FF7FC30000620000200003A
:1090B00000000000000000000000000000000000B0
:1090C000000000000000FFFFFF00000000000000A3
:1090D0000000000000000000000000000000200070
:1090E000023000061FF7FC0014000008000000001A
:1090F0000000000000000000000000000000001858
:10910000000060000040000040000020000010004F
:10911000000800000400000400000C000010000023
:109120000400000800000000000000020001000030
:109130001000000002400000000000A0000000003D
:1091400005400000000000C8000000000C400000C6
:109150000000409C00000000194000000020BCBE40
:109160000000000034400000BFC91B8E0000000456
:10917000B5400000504BCFD06607E2CF01000000A1
:109180006C4100003E8251AADFEEA73401000000CE
:10919000D9420000DCB5A0E23A301F97FFFFFFFF85
:1091A000B4450000FD25A0C8E9A3C14FFFFFFFFFA4
:1091B000FF3F00000000008000000000FF3F0000B3
:1091C000000000800000000064656661756C7454E6
:1091D00061736B00CFB5CDB3C9E8D6C30000000002
:1091E000B3E4B5E7BFD8D6C600000000B7C5B5E701
:1091F000B2E2CAD400000000B7B5BBD8000000003E
:10920000BCE0BFD800000000B1EAD7BCB3E4B5E7CA
:1092100000000000BFECCBD9B3E4B5E700000000CC
:10922000D7D3D5BECFEAC7E900000000B9A6C2CAAD
:10923000B9DCC0ED000000007492000800000020BE
:1092400050130000280100086CA0000850130020F3
:10925000C0170000840100081C000000430000004B
:10926000F8FFFFFF0C0000000E0000000F000000E0
:109270002E00000041C5CDCCCC3D3210420103414F
:10928000127A52C8394E111320921B082C0413D4A1
:1092900091120819081AE0081AF804120632418BD4
:1092A0007AC4042123D7E81E7DF8450849022B51D2
:1092B000F8061C45084510100A690851084108477E
:1092C000FE4023B7F1137FFC138001120320090530
:1092D0006009183104C1023C1FF01001290813D4A1
:1092E000F2B809047F0441044124490210161424F1
:1092F0001204210440948088B5C820403F7E4890E5
:109300008508011C3FF801A82BFFFEA910097FFC6E
:109310000820042004A0180D40B4FD0840084010A7
:109320004023FC4808180E17FE3010501097FE100E
:109330001012101102190D1420D6D812103BF83F4C
:109340003C1A01801A117C29044952295014D0C2B8
:10935000101508047F78180D4022401440FF7E0845
:109360004808487F04180E2A4849488888288811E8
:1093700008C8E7104519023D7CFE44220218084245
:109380004424441444080416227C42448023C9EE39
:10939000180C27FC140414A4811042084092100FEA
:1093A00017FC2040E0E0215022482C46204048088D
:1093B00040DBDA11041124025AFD082902180E1D9F
:1093C00024E124422402040404CAD002A6212B7FF3
:1093D000FCEA29A05B2108022C2821101213BAE80C
:1093E000101E108020407C1F448464445444440474
:1093F0004C2440447EC40247025C7A4802400A1C66
:1094000004D1B68819E01C111001022DF11017D0FB
:109410000C1902C80C12150A190A11060102B5E747
:109420005E9908160A010201021CFED7D3841AF8BD
:10943000EF122015400180014BFFFE324902120558
:1094400012021AD3AA1A021812041204280D0FF0DD
:10945000081018102FF0481088100C190226500818
:1094600020CFDE180A7BF84A08520853F86206102B
:10947000124BF84A444A486A30522042104288430C
:10948000064213B9AB1B800402180D0840084010B7
:109490002020104208820650200A40082010203F59
:1094A000F0101023CBBE133FF812082C087FE806FB
:1094B0001B1F88633902290A1112281C10CDBCAA6F
:1094C0001820FC4204420447E44C445284410446C0
:1094D000C4783C43044084460441847FFC4004D06B
:1094E000CE22680E8412041208121012221202FFF9
:1094F000C40A28132204220842108260D3A2082042
:109500000820FFFE0820DE2D1FF01110022DFFFEA7
:1095100002808C38083018C006CEC402FA1CFFFE48
:109520001001292E160440028001892213CAD4108A
:109530000A2820241024102007FE280820F02017D5
:10954000E01120461009151019CA170A02062C024C
:10955000D6D04229026D3FF8210802290C69181360
:10956000B2E2180B0427C414441454855445021A5B
:10957000150210112554E554210422842244241498
:109580000808D2BA282480204017FE1120812042EA
:109590003C4244166412942348E24822302220229E
:1095A0005022880306BEA70FE0A06906218F7EFC2B
:1095B000428442840623CFD42B1FF0C86906200FB3
:1095C000044044442444144814500440FFFE23CA79
:1095D000BE833FF82BFFFE9C19CC100908210441E3
:1095E0000281020512022BC6C122196119C01F2473
:1095F0001022202FF880180B203FFC22204220440C
:109600002084191808D0FD20801080103C12FE180C
:109610000921FC20243C2424A0022ABC0616456013
:10962000553E8A3CD7AA20012817FDFC4020504017
:1096300093FEFC40108011FC1C04F0885050102058
:109640009A14B3CC081E1DFCF104110214FDFC1089
:109650001230180939FE5420542091FC2015201393
:10966000FE1024D0F20115803FFE201B23F8133E8C
:10967000A020402FFE832A40011381401480C6ACF5
:109680005B4010021A1F4429022B1FE0403A107E53
:109690002D4020D0E8CC120110087FFE41029D74BD
:1096A000012B1D70F41A02141B24880226A8201016
:1096B000D2AA1F7FFC04400440142F4824483FF8DE
:1096C0000210180E2008401C80038006703808D055
:1096D000A36019521411FEFC280E108831043A02BE
:1096E00054885088905010CA181D5010881306D7FF
:1096F000BC01404120212023FE022016201BFC1229
:1097000020222023FCE206190813FE2212022BB4A9
:10971000A590180A782049FC91247D245502101048
:109720007DFC552454207C28542457FE45028C107F
:109730000CC3FE1110111017FC1110FC00191613A8
:10974000F8120817F81A0833F8D04017FC10A011C7
:109750001052082406A3AC1A30021210322013C78C
:10976000EB100A40404027FC204003F81540E7FE7C
:10977000202D23F8220804180C2BF8320822280286
:1097800010B5E3028E12022B03FC061B3FF0D71923
:1097900002233FF0100C2488224442448004BBF78B
:1097A0000129024B3FF8082BFFFE064B210802134C
:1097B0003FF82408C4BB1E3FF82008200E180824D8
:1097C0001022202FF80426100C11103FF8D116118A
:1097D0005011200113B6C119EE1511FC1020101BF9
:1097E0002003FEF002109410501110109013FE147C
:1097F00028184410820302BACD04120E1278180EF3
:10980000087C0844FF44084418441C442A021C48AD
:109810004488121208120814D1D5101C08FE7F606B
:10982000280B147C7F4444544854525406280D514C
:10983000544228442488423082C9AB2868091FE07A
:1098400020204040BFF8A019732A0202231FFE38CF
:1098500018D6B5084008400FFC1040104033F832CD
:109860000853F8920813F812041612081FFE103C51
:10987000B3E402E4120412041C082010C42D0448AE
:1098800004400219862809441044603CD5BE10EB00
:1098900014207E201D3E04204402101325FC2904C0
:1098A00029040F04F104410401FC0104B6AF124085
:1098B0001B407C041301FC2B44FE234012442084F3
:1098C00048844484FD04450402280410B9A41C7F84
:1098D000FC016CE9021AFFA82123BEDF1C1FF01057
:1098E00001290669041B10109A2A40982D2008BFF0
:1098F000D5AA2F7FFE400288241029308946237F75
:10990000FC14CFD0201317FC19962902280D5FF400
:10991000410443844544492451141017401440081D
:10992000B3D8181D40204012401258826842C853D4
:10993000481E4812482248E25822422202220221AE
:109940008A23D2D1133FF02A10021A2002143FF0CA
:109950002039022A04021A1F662BC1AC441517FED7
:1099600010803EA00120F3FC271A201019061C28A5
:10997000204744100ABDD31080104013FC101DFD79
:109980000810901A180940184037FED088110E4868
:1099900009106051982604CEB4B64B3FF808280F42
:1099A000FFFE03800540092011102108C106122383
:1099B000A1F1680B07C01FF03FF83FF87FFC0229B8
:1099C0000E451FF007C02BA1F02268091C7030184B
:1099D0003018600C02290E4B1C7022180FD7B408E7
:1099E0004008480844484428402FFE0C1988281194
:1099F00028A0C8A00890091009080A040C02CCACE1
:109A00006C147FFC01180A028004400A203118C03F
:109A10007E180A088848844812481287620312A3F5
:109A2000BA1A300269062123D1B9143FFE204B2017
:109A300080023B2FFC08100B902088208840805F1C
:109A4000FE8013C1F7101180204017FE1080811096
:109A5000420847FC1004102E2248E248220210134C
:109A60004A244A0846CAE4204020A02110FA0825CA
:109A7000F640281753C49254FA5413D41A54F2548B
:109A800053D41244125412C8B3F6AA4B2108022D23
:109A90003FF80108104B410402137FFC1404B9A6DF
:109AA0002A40025FFE4011FC1044021F8410841EF5
:109AB00084F122380802280410C2CA02EE120210F1
:109AC0000B44442F88111022484FE41320012BFF30
:109AD000FE4C290213B7B51708203C13C01212021E
:109AE000101203FCF2041288125012201250148833
:109AF0001504282347FE1BBBD8EE680AF82008206F
:109B00000827C82448022B27C81229182123D5FD6D
:109B10006B7FFC5212111B11F80479021AFF441BCF
:109B2000B3A318180F1009207FFE40029FF41010F5
:109B30001FF0015439DA2C2821103623D4CB1423FA
:109B4000F8103210101007FCF040108011101208AD
:109B500017FC120410498814D0D0081409FC101204
:109B60002012481208680A13FE302050209020105E
:109B7000022EA01040D6F7EEA98C6B3FF80A29F40C
:109B8000212DBFEC104002180813F8184854485013
:109B9000021B97FE102EA010A0111070151406CBFA
:109BA000D9481A40204017FC104003F80248F248F8
:109BB00013F810E011501248144410408814B1EA10
:109BC000101A118812103AFC86480D382055285575
:109BD00024922412221422880942661CB7C520420E
:109BE00011280B40FE8020FE21083E8824021A50D6
:109BF00002280C204450548889040202C4A34E1D3C
:109C000017FC111088280BF832083BF8560853F857
:109C100090561968296613CABD12481A44021A40A0
:109C2000FC194C2C3E400802100A2008220F127822
:109C30000A20061502A1FC011201280B03800380F3
:109C400007C0054009200EC9020B10A1FD142F0901
:109C500020054007C036290E23BFAA1B7FFC56599A
:109C6000026BFFFE0A1A1002200D20204020B9D8F6
:109C70001010081008204B3FF84214FFFE011E028E
:109C8000800280048E473018C006D6D022103A18C1
:109C9000063903DF1FFFF81810180349157C101050
:109CA0001027593649392173CEC4196E491A18093B
:109CB00008083FFFFC010180031122811903228360
:109CC0002242224622246A2C3E226617C3800301C8
:109CD000F00C137C30320863B2E212101809080944
:109CE000FE080D86080103380AB66841B64833B647
:109CF0004813036A05032B09A603281439A448193D
:109D0000600818580818C4081886081B0238045A36
:109D10001173CAD41201151001F00813980C13889E
:109D200004258404FFFE1A800318097E028004FFC4
:109D3000800408032DC00408400310104860048903
:109D400022050E320670120E401C04220E32025AF8
:109D5000CF4A1503FFC0021360021A4003390C29D1
:109D600009590C1380401A62E11810181042100CA7
:109D7000422006424006428002431295083FFFFC03
:109D800083CABEE5200FFFF01B047F2919B9121802
:109D900013011920180318800318400618200C1806
:109DA0003008181810180C20180841F81A703B4198
:109DB00083B2E2220814100C20380918063FF0186C
:109DC00003303004111430331814323398180D3323
:109DD000B3183033331818B333181C041A0C041A90
:109DE00009102A01044A32045A02041A0604180B04
:109DF0007E3623181C2603180C0504180D0C801839
:109E00000C0840180C1870180C54150C6031F05DDB
:109E100080107001829BCAD4BC311407C00C140698
:109E20007006140630031B0610041A180412081AD0
:109E30003FD611320649041A0104147F8016140318
:109E40001FFA1C030182049A83042A81041C8003E4
:109E50000904100E118CC40321F0C40343C0640331
:109E6000DE14740388143C03801A1C7E5A0C711192
:109E700083C0FD1916111301C014180180100C10B5
:109E800001801010037FF81003061820100206024C
:109E90001006060310060403100F0C23100A0FFB14
:109EA000101A082310121863102210041908180B36
:109EB000422C43100226C3100246042E05831002D2
:109EC00001041E03100203024019441A04041A0874
:109ED000041A1004162003F002402370024220935B
:109EE000B3CC32101279180A1003E1FFF83D8180DB
:109EF00030C7C90458088980307FFDFFF010111960
:109F0000CC10091803E3FFFC03B8041B07980413E3
:109F100088041A0504140D8004180A09800410111D
:109F200081FFF8110C1A21041A41044A01041E0889
:109F3000018FFFFCE639F241C3CFD42A011814FF88
:109F4000FF801A8024A904091914394A2B0C300403
:109F5000101520080C3070060C3060070C30C00360
:109F60008C3180018C3324018C321B8C34202A38B4
:109F700024C6303FFFFFF8F3CABE199E11061BC06E
:109F800003FFFFE01A18461AFCD119B359042361E4
:109F90008823F18413C183181F01C181800181804E
:109FA000C0030180E0060180700C01803808018048
:109FB000181001801020612C1A1F0432076202F36E
:109FC000C6C11A207E23F0037A30041910192D150A
:109FD00030020402140206071C02030604120410D5
:109FE0000C02010860027FFFF0060206D9041B3054
:109FF00005E81A040C1A0C044B0806041B100C0488
:10A000001308061B2030041B6006B9520493D0F2DB
:10A01000420132C0126012041C6030074632061939
:10A02000041E40063FFFC03413E00612031C060165
:10A0300004141AD8041A60041A70044B30102C143B
:10A040003038041B3020044B400C04119A08043AA9
:10A05000100412201C2007E00612E01A4002614B97
:0CA06000FFFF8C015A1AAA0181000000C9
:04000005080000ED02
:00000001FF
